const,demand_UK,demand_DE,demand_NO,demand_DK,demand_NL,demand_BE,wind_UK,wind_DE,wind_NO,wind_DK,wind_NL,wind_BE,inflow_hydro,solar_UK,solar_DE,solar_NO,solar_DK,solar_NL,solar_BE,fuel_bio,fuel_gas,fuel_hard_coal,fuel_hydro,fuel_lignite,fuel_nuclear,fuel_oil,fuel_solar,fuel_onshore_wind,fuel_wind,fuel_other_non_res,fuel_other_res
1,0.744061,0.481891,0.583751,0.363098,0.643392,0.536812,0.0649,0.0675,0.792,0.3883,0.2414,0.0196,0.7183,0.1085,0.127,0.0978,0.1157,0.1268,0.1266,51.42853029,64.07994874,25.50855102,30,18.5142709,4.834281847,130.547264,0,0,0,100,0
1,0.769075,0.464365,0.625017,0.511522,0.75048,0.703907,0.9777,0.0749,0.0353,0.4454,0.388,0.293,0.9964,0.1085,0.127,0.0978,0.1157,0.1268,0.1266,51.42853029,64.07994874,25.50855102,30,18.5142709,4.834281847,130.547264,0,0,0,100,0
1,0.888452,0.505511,0.559718,0.496745,0.88084,0.868655,0.9802,0.0612,0.0353,0.4958,0.6872,0.3415,0.9964,0.1085,0.127,0.0978,0.1157,0.1268,0.1266,51.42853029,64.07994874,25.50855102,30,18.5142709,4.834281847,130.547264,0,0,0,100,0
1,0.583796,0.581852,0.607504,0.385509,0.837159,0.846579,0.1558,0.0473,0.0307,0.1961,0.186,0.3301,0.9531,0.1085,0.127,0.0978,0.1157,0.1268,0.1266,51.42853029,64.07994874,25.50855102,30,18.5142709,4.834281847,130.547264,0,0,0,100,0
1,0.492218,0.740198,0.599435,0.553181,0.664073,0.676692,0.2008,0.1491,0.8607,0.0292,0.186,0.2612,0.8754,0.1085,0.127,0.0978,0.1157,0.1268,0.1266,51.42853029,64.07994874,25.50855102,30,18.5142709,4.834281847,130.547264,0,0,0,100,0
1,0.360868,0.936024,0.541968,0.33409,0.824978,0.76449,0.2008,0.0547,0.8352,0.0393,0.1688,0.3704,0.7836,0.1085,0.127,0.0978,0.1157,0.1268,0.1266,51.42853029,64.07994874,25.50855102,30,18.5142709,4.834281847,130.547264,0,0,0,100,0
1,0.865609,0.952556,0.589926,0.404212,0.809933,0.906908,0.0342,0.0549,0.1072,0.175,0.2391,0.0837,0.9273,0.1085,0.127,0.0978,0.1157,0.1268,0.1266,51.42853029,64.07994874,25.50855102,30,18.5142709,4.834281847,130.547264,0,0,0,100,0
1,0.398437,0.795316,0.505672,0.477442,0.788752,0.733533,0.4818,0.0575,0.4725,0.6491,0.2322,0.1348,0.9055,0.1085,0.127,0.0978,0.1157,0.1268,0.1266,51.42853029,64.07994874,25.50855102,30,18.5142709,4.834281847,130.547264,0,0,0,100,0
1,0.660129,0.759855,0.524003,0.440037,0.732435,0.888194,0.4818,0.0933,0.5904,0.8221,0.0083,0.0026,0.7756,0.1085,0.127,0.0978,0.1157,0.1268,0.1266,51.42853029,64.07994874,25.50855102,30,18.5142709,4.834281847,130.547264,0,0,0,100,0
1,0.418354,0.573535,0.494742,0.420843,0.686891,0.79272,0.6148,0.3678,0.8174,0.8726,0.1547,0.0158,0.917,0.1085,0.127,0.0978,0.1157,0.1268,0.1266,51.42853029,64.07994874,25.50855102,30,18.5142709,4.834281847,130.547264,0,0,0,100,0
1,0.613703,0.767885,0.518495,0.347394,0.851523,0.928731,0.8986,0.3941,0.8314,0.5187,0.0403,0.0108,0.9179,0.1085,0.127,0.0978,0.1157,0.1268,0.1266,51.42853029,64.07994874,25.50855102,30,18.5142709,4.834281847,130.547264,0,0,0,100,0
1,0.727149,0.826444,0.443084,0.462665,0.991382,0.950871,0.9379,0.8455,0.8048,0.0,0.0444,0.0244,0.9446,0.1085,0.127,0.0978,0.1157,0.1268,0.1266,51.42853029,64.07994874,25.50855102,30,18.5142709,4.834281847,130.547264,0,0,0,100,0
1,0.643877,0.722201,0.532652,0.365388,0.770207,0.631398,0.7497,0.8747,0.8312,0.4963,0.0616,0.0618,0.9509,0.1085,0.127,0.0978,0.1157,0.1268,0.1266,51.42853029,64.07994874,25.50855102,30,18.5142709,4.834281847,130.547264,0,0,0,100,0
1,0.834113,0.925371,0.481037,0.45345,0.868068,0.984366,0.2956,0.881,0.1509,0.7926,0.0844,0.0701,0.8391,0.1085,0.127,0.0978,0.1157,0.1268,0.1266,51.42853029,64.07994874,25.50855102,30,18.5142709,4.834281847,130.547264,0,0,0,100,0
1,0.537086,0.713567,0.471162,0.434311,0.917975,0.822599,0.2364,0.0041,0.4015,0.8447,0.2733,0.5383,0.7879,0.1085,0.127,0.0978,0.1157,0.1268,0.1266,51.42853029,64.07994874,25.50855102,30,18.5142709,4.834281847,130.547264,0,0,0,100,0
1,0.70731,0.777729,0.512449,0.312551,0.970428,0.866498,0.447,0.0653,0.7241,0.1753,0.5252,0.1216,0.6322,0.1085,0.127,0.0978,0.1157,0.1268,0.1266,51.42853029,64.07994874,25.50855102,30,18.5142709,4.834281847,130.547264,0,0,0,100,0
1,0.778279,0.598487,0.569486,0.373349,0.898567,0.609765,0.8927,0.0949,0.7424,0.0431,0.5394,0.0697,0.7595,0.1085,0.127,0.0978,0.1157,0.1268,0.1266,51.42853029,64.07994874,25.50855102,30,18.5142709,4.834281847,130.547264,0,0,0,100,0
1,0.75855,0.54173,0.389017,0.486712,0.952293,0.843851,0.6524,0.1231,0.7118,0.4821,0.8098,0.4066,0.7255,0.1085,0.127,0.0978,0.1157,0.1268,0.1266,51.42853029,64.07994874,25.50855102,30,18.5142709,4.834281847,130.547264,0,0,0,100,0
1,0.345435,0.786958,0.411328,0.358573,0.707026,0.714501,0.765,0.2526,0.0581,0.7474,0.6362,0.3362,0.8656,0.1085,0.127,0.0978,0.1157,0.1268,0.1266,51.42853029,64.07994874,25.50855102,30,18.5142709,4.834281847,130.547264,0,0,0,100,0
1,0.520284,0.808488,0.430476,0.4125,0.937338,0.653728,0.314,0.6486,0.7034,0.5914,0.5979,0.9115,0.9244,0.1085,0.127,0.0978,0.1157,0.1268,0.1266,51.42853029,64.07994874,25.50855102,30,18.5142709,4.834281847,130.547264,0,0,0,100,0
1,0.456317,0.633897,0.579598,0.388563,0.75298,0.780033,0.6692,0.6166,0.8575,0.6332,0.5286,0.7684,0.9025,0.1085,0.127,0.0978,0.1157,0.1268,0.1266,51.42853029,64.07994874,25.50855102,30,18.5142709,4.834281847,130.547264,0,0,0,100,0
1,0.468352,0.564634,0.455735,0.33638,0.647119,0.69344,0.6608,0.7738,0.9841,0.5171,0.4222,0.6269,0.7974,0.1085,0.127,0.0978,0.1157,0.1268,0.1266,51.42853029,64.07994874,25.50855102,30,18.5142709,4.834281847,130.547264,0,0,0,100,0
1,0.442692,0.672072,0.500422,0.501325,0.912475,0.802807,0.4623,0.3053,0.9592,0.558,0.6057,0.7113,0.8061,0.1085,0.127,0.0978,0.1157,0.1268,0.1266,51.42853029,64.07994874,25.50855102,30,18.5142709,4.834281847,130.547264,0,0,0,100,0
1,0.811049,0.749786,0.487987,0.471881,0.62621,0.753642,0.5442,0.2942,0.7693,0.6147,0.4193,0.9689,0.5038,0.1085,0.127,0.0978,0.1157,0.1268,0.1266,51.42853029,64.07994874,25.50855102,30,18.5142709,4.834281847,130.547264,0,0,0,100,0
1,0.786727,0.611127,0.463976,0.446689,0.800888,0.817334,0.7295,0.5619,0.8747,0.6117,0.7004,0.9787,0.7222,0.1085,0.127,0.0978,0.1157,0.1268,0.1266,51.42853029,64.07994874,25.50855102,30,18.5142709,4.834281847,130.547264,0,0,0,100,0
1,0.432451,0.590118,0.559654,0.397505,0.818887,0.631144,0.6237,0.5179,0.8927,0.2745,0.936,0.9454,0.9093,0.1085,0.127,0.0978,0.1157,0.1268,0.1266,51.42853029,64.07994874,25.50855102,30,18.5142709,4.834281847,130.547264,0,0,0,100,0
1,0.800351,0.904875,0.44672,0.430658,0.926748,0.677961,0.2837,0.6635,0.9157,0.2575,0.9428,0.1095,0.8141,0.1085,0.127,0.0978,0.1157,0.1268,0.1266,51.42853029,64.07994874,25.50855102,30,18.5142709,4.834281847,130.547264,0,0,0,100,0
1,0.677859,0.864036,0.547498,0.462993,0.680754,0.728204,0.7936,0.1739,0.9668,0.0364,0.407,0.527,0.4809,0.1085,0.127,0.0978,0.1157,0.1268,0.1266,51.42853029,64.07994874,25.50855102,30,18.5142709,4.834281847,130.547264,0,0,0,100,0
1,0.825145,0.688318,0.55208,0.484913,0.78607,0.79475,0.6462,0.1508,0.7755,0.3255,0.2246,0.676,0.8647,0.1085,0.127,0.0978,0.1157,0.1268,0.1266,51.42853029,64.07994874,25.50855102,30,18.5142709,4.834281847,130.547264,0,0,0,100,0
1,0.500477,0.732885,0.476347,0.357373,0.892521,0.836365,0.2116,0.1719,0.2046,0.1997,0.3585,0.0511,0.5594,0.1085,0.127,0.0978,0.1157,0.1268,0.1266,51.42853029,64.07994874,25.50855102,30,18.5142709,4.834281847,130.547264,0,0,0,100,0
1,0.631087,0.89455,0.537773,0.373186,0.741435,0.85324,0.1343,0.7592,0.4807,0.1167,0.0526,0.0143,0.4654,0.1085,0.127,0.0978,0.1157,0.1268,0.1266,51.42853029,64.07994874,25.50855102,30,18.5142709,4.834281847,130.547264,0,0,0,100,0
1,0.843694,0.835612,0.494807,0.386,0.845841,0.705747,0.0902,0.833,0.7751,0.1592,0.0535,0.2007,0.5582,0.1085,0.127,0.0978,0.1157,0.1268,0.1266,51.42853029,64.07994874,25.50855102,30,18.5142709,4.834281847,130.547264,0,0,0,100,0
1,0.955032,0.885731,0.528112,0.447289,0.864704,0.880899,0.0507,0.833,0.7783,0.0784,0.0406,0.2004,0.8077,0.1085,0.127,0.0978,0.1157,0.1268,0.1266,51.42853029,64.07994874,25.50855102,30,18.5142709,4.834281847,130.547264,0,0,0,100,0
1,0.938906,0.755307,0.521787,0.409556,0.695572,0.906147,0.0012,0.8482,0.7511,0.0559,0.0225,0.3924,0.6412,0.1085,0.127,0.0978,0.1157,0.1268,0.1266,51.42853029,64.07994874,25.50855102,30,18.5142709,4.834281847,130.547264,0,0,0,100,0
1,0.478184,0.914278,0.507157,0.509286,0.662391,0.933172,0.0039,0.3436,0.7307,0.2312,0.1458,0.6303,0.8724,0.1085,0.127,0.0978,0.1157,0.1268,0.1266,51.42853029,64.07994874,25.50855102,30,18.5142709,4.834281847,130.547264,0,0,0,100,0
1,0.553181,0.654485,0.574112,0.420243,0.906339,0.864215,0.9046,0.0818,0.4095,0.1972,0.1146,0.7307,0.7511,0.1085,0.127,0.0978,0.1157,0.1268,0.1266,51.42853029,64.07994874,25.50855102,30,18.5142709,4.834281847,130.547264,0,0,0,100,0
1,0.572028,0.699964,0.514536,0.52499,0.946338,0.776988,0.9356,0.0109,0.1412,0.6655,0.2888,0.8691,0.5673,0.1085,0.127,0.0978,0.1157,0.1268,0.1266,51.42853029,64.07994874,25.50855102,30,18.5142709,4.834281847,130.547264,0,0,0,100,0
1,0.691845,0.871862,0.486696,0.492874,0.717163,0.754975,0.594,0.0858,0.4273,0.2726,0.7646,0.1148,0.8507,0.1085,0.127,0.0978,0.1157,0.1268,0.1266,51.42853029,64.07994874,25.50855102,30,18.5142709,4.834281847,130.547264,0,0,0,100,0
1,0.919964,0.642204,0.49883,0.360154,0.759889,0.657851,0.4832,0.1522,0.0568,0.0774,0.561,0.1848,0.8691,0.1085,0.127,0.0978,0.1157,0.1268,0.1266,51.42853029,64.07994874,25.50855102,30,18.5142709,4.834281847,130.547264,0,0,0,100,0
1,0.903288,0.706898,0.598058,0.435565,0.808933,0.79843,0.7179,0.1035,0.0535,0.0769,0.1968,0.1393,0.8465,0.1085,0.127,0.0978,0.1157,0.1268,0.1266,51.42853029,64.07994874,25.50855102,30,18.5142709,4.834281847,130.547264,0,0,0,100,0
1,0.87497,0.627372,0.588118,0.464465,0.91893,0.629494,0.8416,0.1035,0.0069,0.2289,0.2837,0.0232,0.6053,0.1085,0.127,0.0978,0.1157,0.1268,0.1266,51.42853029,64.07994874,25.50855102,30,18.5142709,4.834281847,130.547264,0,0,0,100,0
1,0.853448,0.878284,0.566044,0.398432,0.880613,0.736641,0.8541,0.1177,0.2431,0.1118,0.1281,0.4116,0.9225,0.1085,0.127,0.0978,0.1157,0.1268,0.1266,51.42853029,64.07994874,25.50855102,30,18.5142709,4.834281847,130.547264,0,0,0,100,0
1,0.378614,0.619085,0.581728,0.369914,0.680527,0.835921,0.5619,0.4721,0.1518,0.0203,0.0237,0.2653,0.8868,0.1085,0.127,0.0978,0.1157,0.1268,0.1266,51.42853029,64.07994874,25.50855102,30,18.5142709,4.834281847,130.547264,0,0,0,100,0
1,0.741387,0.662802,0.604685,0.478424,0.826841,0.714628,0.1575,0.4884,0.1783,0.0969,0.2353,0.2501,0.876,0.1085,0.127,0.0978,0.1157,0.1268,0.1266,51.42853029,64.07994874,25.50855102,30,18.5142709,4.834281847,130.547264,0,0,0,100,0
1,0.885998,0.857829,0.556319,0.382346,0.932384,0.815875,0.1261,0.8761,0.2073,0.4402,0.2869,0.4208,0.9043,0.1085,0.127,0.0978,0.1157,0.1268,0.1266,51.42853029,64.07994874,25.50855102,30,18.5142709,4.834281847,130.547264,0,0,0,100,0
1,0.821968,0.550427,0.535083,0.506069,0.790979,0.602216,0.6326,0.911,0.1517,0.4276,0.4188,0.3954,0.806,0.1085,0.127,0.0978,0.1157,0.1268,0.1266,51.42853029,64.07994874,25.50855102,30,18.5142709,4.834281847,130.547264,0,0,0,100,0
1,0.595076,0.849788,0.545518,0.441073,0.746662,0.678342,0.5551,0.8674,0.3849,0.0833,0.2377,0.5204,0.7326,0.1085,0.127,0.0978,0.1157,0.1268,0.1266,51.42853029,64.07994874,25.50855102,30,18.5142709,4.834281847,130.547264,0,0,0,100,0
1,0.86413,0.68125,0.524433,0.414736,0.697845,0.857554,0.1811,0.1848,0.038,0.0972,0.2436,0.4784,0.5758,0.1085,0.127,0.0978,0.1157,0.1268,0.1266,51.42853029,64.07994874,25.50855102,30,18.5142709,4.834281847,130.547264,0,0,0,100,0
1,0.510798,0.815884,0.592271,0.548873,0.902294,0.886925,0.092,0.2292,0.0848,0.0887,0.1266,0.1358,0.8134,0.1085,0.127,0.0978,0.1157,0.1268,0.1266,51.42853029,64.07994874,25.50855102,30,18.5142709,4.834281847,130.547264,0,0,0,100,0
1,0.447491,0.727681,0.614216,0.426132,0.638846,0.825581,0.1254,0.0827,0.0227,0.1217,0.2714,0.3415,0.6222,0.1085,0.127,0.0978,0.1157,0.1268,0.1266,51.42853029,64.07994874,25.50855102,30,18.5142709,4.834281847,130.547264,0,0,0,100,0
1,0.536835,0.865675,0.575898,0.491674,0.842386,0.698388,0.0232,0.1808,0.0145,0.2603,0.2912,0.4424,0.8724,0.1085,0.127,0.0978,0.1157,0.1268,0.1266,51.42853029,64.07994874,25.50855102,30,18.5142709,4.834281847,130.547264,0,0,0,100,0
1,0.487703,0.900993,0.648318,0.52499,0.77057,0.769058,0.0503,0.2534,0.0938,0.2069,0.3961,0.1445,0.9086,0.1085,0.127,0.0978,0.1157,0.1268,0.1266,51.42853029,64.07994874,25.50855102,30,18.5142709,4.834281847,130.547264,0,0,0,100,0
1,0.608354,0.604079,0.621876,0.534969,0.944884,0.843851,0.0262,0.1897,0.0123,0.0059,0.126,0.5816,0.9484,0.1085,0.127,0.0978,0.1157,0.1268,0.1266,51.42853029,64.07994874,25.50855102,30,18.5142709,4.834281847,130.547264,0,0,0,100,0
1,0.409623,0.691155,0.630288,0.461957,0.6618,0.648209,0.0242,0.2031,0.2816,0.0064,0.1577,0.0206,0.7932,0.1085,0.127,0.0978,0.1157,0.1268,0.1266,51.42853029,64.07994874,25.50855102,30,18.5142709,4.834281847,130.547264,0,0,0,100,0
1,0.773103,0.88991,0.660517,0.513485,0.917203,0.788026,0.0255,0.1674,0.323,0.0742,0.3707,0.2435,0.6684,0.1085,0.127,0.0978,0.1157,0.1268,0.1266,51.42853029,64.07994874,25.50855102,30,18.5142709,4.834281847,130.547264,0,0,0,100,0
1,0.658461,0.797016,0.60703,0.401268,0.729071,0.742541,0.0,0.4182,0.0116,0.0693,0.0076,0.0543,0.7597,0.1085,0.127,0.0978,0.1157,0.1268,0.1266,51.42853029,64.07994874,25.50855102,30,18.5142709,4.834281847,130.547264,0,0,0,100,0
1,0.625392,0.67199,0.638443,0.503125,0.864431,0.805915,0.1651,0.1578,0.7913,0.0229,0.1951,0.0344,0.6703,0.1085,0.127,0.0978,0.1157,0.1268,0.1266,51.42853029,64.07994874,25.50855102,30,18.5142709,4.834281847,130.547264,0,0,0,100,0
1,0.7479,0.64669,0.548208,0.472371,0.815524,0.628226,0.2606,0.2297,0.01,0.0976,0.1951,0.1742,0.682,0.1085,0.127,0.0978,0.1157,0.1268,0.1266,51.42853029,64.07994874,25.50855102,30,18.5142709,4.834281847,130.547264,0,0,0,100,0
1,0.733143,0.828022,0.539257,0.447343,0.887203,0.60856,0.1922,0.1538,0.0323,0.4952,0.2621,0.0127,0.8586,0.1085,0.127,0.0978,0.1157,0.1268,0.1266,51.42853029,64.07994874,25.50855102,30,18.5142709,4.834281847,130.547264,0,0,0,100,0
1,0.424789,0.842331,0.572262,0.421552,0.680982,0.720147,0.2418,0.1065,0.0323,0.7086,0.3717,0.0,0.8586,0.1085,0.127,0.0978,0.1157,0.1268,0.1266,51.42853029,64.07994874,25.50855102,30,18.5142709,4.834281847,130.547264,0,0,0,100,0
1,0.794672,0.880343,0.562924,0.382074,0.711663,0.579378,0.2708,0.5749,0.1942,0.4308,0.3827,0.3889,0.6502,0.1085,0.127,0.0978,0.1157,0.1268,0.1266,51.42853029,64.07994874,25.50855102,30,18.5142709,4.834281847,130.547264,0,0,0,100,0
1,0.721863,0.743159,0.501283,0.48235,0.780479,0.759796,0.2628,0.2452,0.7482,0.3499,0.4903,0.3808,0.7229,0.1085,0.127,0.0978,0.1157,0.1268,0.1266,51.42853029,64.07994874,25.50855102,30,18.5142709,4.834281847,130.547264,0,0,0,100,0
1,0.32094,0.765509,0.580717,0.496363,0.757343,0.776861,0.472,0.5236,0.8175,0.0506,0.5018,0.3015,0.4774,0.1085,0.127,0.0978,0.1157,0.1268,0.1266,51.42853029,64.07994874,25.50855102,30,18.5142709,4.834281847,130.547264,0,0,0,100,0
1,0.8071,0.778825,0.528478,0.367897,0.619983,0.677834,0.1669,0.1708,0.8486,0.2073,0.2992,0.0295,0.4896,0.1085,0.127,0.0978,0.1157,0.1268,0.1266,51.42853029,64.07994874,25.50855102,30,18.5142709,4.834281847,130.547264,0,0,0,100,0
1,0.640212,0.870356,0.596961,0.393252,0.855477,0.70156,0.2187,0.0288,0.4935,0.2484,0.1226,0.1678,0.8372,0.1085,0.127,0.0978,0.1157,0.1268,0.1266,51.42853029,64.07994874,25.50855102,30,18.5142709,4.834281847,130.547264,0,0,0,100,0
1,0.39002,0.711293,0.519334,0.459012,0.650846,0.798049,0.3772,0.0114,0.1575,0.0331,0.1324,0.1585,0.8349,0.1085,0.127,0.0978,0.1157,0.1268,0.1266,51.42853029,64.07994874,25.50855102,30,18.5142709,4.834281847,130.547264,0,0,0,100,0
1,0.343704,0.638137,0.512514,0.436111,0.838387,0.661594,0.1739,0.0821,0.2546,0.053,0.0255,0.5123,0.7919,0.1085,0.127,0.0978,0.1157,0.1268,0.1266,51.42853029,64.07994874,25.50855102,30,18.5142709,4.834281847,130.547264,0,0,0,100,0
1,0.835104,0.625293,0.555265,0.510922,0.87584,0.81689,0.1739,0.0942,0.4228,0.0444,0.1053,0.6094,0.8023,0.1085,0.127,0.0978,0.1157,0.1268,0.1266,51.42853029,64.07994874,25.50855102,30,18.5142709,4.834281847,130.547264,0,0,0,100,0
1,0.709072,0.574037,0.489493,0.406666,0.796433,0.835033,0.1739,0.0588,0.3685,0.4159,0.3268,0.3735,0.621,0.1085,0.127,0.0978,0.1157,0.1268,0.1266,51.42853029,64.07994874,25.50855102,30,18.5142709,4.834281847,130.547264,0,0,0,100,0
1,0.471954,0.585263,0.463244,0.526572,0.744616,0.647511,0.4553,0.0898,0.1365,0.0599,0.744,0.8545,0.8305,0.1085,0.127,0.0978,0.1157,0.1268,0.1266,51.42853029,64.07994874,25.50855102,30,18.5142709,4.834281847,130.547264,0,0,0,100,0
1,0.440946,0.594144,0.589323,0.498708,0.893521,0.740764,0.6584,0.0908,0.8069,0.0024,0.249,0.738,0.7816,0.1085,0.127,0.0978,0.1157,0.1268,0.1266,51.42853029,64.07994874,25.50855102,30,18.5142709,4.834281847,130.547264,0,0,0,100,0
1,0.523195,0.536896,0.610365,0.428368,0.667709,0.628797,0.4029,0.1679,0.7006,0.6349,0.0008,0.8247,0.7938,0.1085,0.127,0.0978,0.1157,0.1268,0.1266,51.42853029,64.07994874,25.50855102,30,18.5142709,4.834281847,130.547264,0,0,0,100,0
1,0.362206,0.853414,0.478649,0.471771,0.729708,0.588513,0.0316,0.2613,0.9458,0.3492,0.6741,0.0683,0.7788,0.1085,0.127,0.0978,0.1157,0.1268,0.1266,51.42853029,64.07994874,25.50855102,30,18.5142709,4.834281847,130.547264,0,0,0,100,0
1,0.457905,0.860605,0.568776,0.445217,0.865704,0.867069,0.3732,0.1516,0.9861,0.0525,0.7077,0.4138,0.7188,0.1085,0.127,0.0978,0.1157,0.1268,0.1266,51.42853029,64.07994874,25.50855102,30,18.5142709,4.834281847,130.547264,0,0,0,100,0
1,0.818349,0.654874,0.525143,0.512394,0.813296,0.60691,0.2301,0.1272,0.5187,0.6046,0.4588,0.4755,0.6327,0.1085,0.127,0.0978,0.1157,0.1268,0.1266,51.42853029,64.07994874,25.50855102,30,18.5142709,4.834281847,130.547264,0,0,0,100,0
1,0.759683,0.611762,0.504812,0.540803,0.852341,0.792022,0.2301,0.4109,0.3021,0.3005,0.4224,0.0757,0.5138,0.1085,0.127,0.0978,0.1157,0.1268,0.1266,51.42853029,64.07994874,25.50855102,30,18.5142709,4.834281847,130.547264,0,0,0,100,0
1,0.560732,0.720952,0.575597,0.389599,0.689981,0.767535,0.6992,0.5118,0.5525,0.329,0.2943,0.0685,0.5112,0.1085,0.127,0.0978,0.1157,0.1268,0.1266,51.42853029,64.07994874,25.50855102,30,18.5142709,4.834281847,130.547264,0,0,0,100,0
1,0.296838,0.617805,0.4541,0.495764,0.841568,0.692234,0.856,0.5286,0.9729,0.1692,0.0693,0.0685,0.8043,0.1085,0.127,0.0978,0.1157,0.1268,0.1266,51.42853029,64.07994874,25.50855102,30,18.5142709,4.834281847,130.547264,0,0,0,100,0
1,0.68217,0.837548,0.517484,0.481695,0.639119,0.568277,0.707,0.0241,0.834,0.2934,0.2854,0.0755,0.6112,0.1085,0.127,0.0978,0.1157,0.1268,0.1266,51.42853029,64.07994874,25.50855102,30,18.5142709,4.834281847,130.547264,0,0,0,100,0
1,0.784886,0.664226,0.54171,0.406775,0.585121,0.721226,0.0521,0.3568,0.5109,0.2498,0.1922,0.3954,0.8051,0.1085,0.127,0.0978,0.1157,0.1268,0.1266,51.42853029,64.07994874,25.50855102,30,18.5142709,4.834281847,130.547264,0,0,0,100,0
1,0.669222,0.846438,0.532437,0.425205,0.825069,0.705049,0.1492,0.0225,0.4509,0.6897,0.0831,0.0553,0.8065,0.1085,0.127,0.0978,0.1157,0.1268,0.1266,51.42853029,64.07994874,25.50855102,30,18.5142709,4.834281847,130.547264,0,0,0,100,0
1,0.698264,0.810301,0.561418,0.459503,0.767207,0.666606,0.298,0.5587,0.1855,0.1965,0.1057,0.0496,0.8107,0.1085,0.127,0.0978,0.1157,0.1268,0.1266,51.42853029,64.07994874,25.50855102,30,18.5142709,4.834281847,130.547264,0,0,0,100,0
1,0.651114,0.67617,0.584891,0.440963,0.6718,0.781872,0.1501,0.3106,0.1813,0.138,0.1464,0.3968,0.5988,0.1085,0.127,0.0978,0.1157,0.1268,0.1266,51.42853029,64.07994874,25.50855102,30,18.5142709,4.834281847,130.547264,0,0,0,100,0
1,0.499266,0.828155,0.468989,0.505088,0.783433,0.643704,0.1405,0.2773,0.9655,0.4628,0.1573,0.3017,0.5665,0.1085,0.127,0.0978,0.1157,0.1268,0.1266,51.42853029,64.07994874,25.50855102,30,18.5142709,4.834281847,130.547264,0,0,0,100,0
1,0.583701,0.701797,0.497131,0.469972,0.602257,0.749202,0.2057,0.1014,0.6211,0.2962,0.1071,0.3985,0.6709,0.1085,0.127,0.0978,0.1157,0.1268,0.1266,51.42853029,64.07994874,25.50855102,30,18.5142709,4.834281847,130.547264,0,0,0,100,0
1,0.599607,0.819756,0.48775,0.518829,0.712481,0.811434,0.0098,0.0984,0.2953,0.7339,0.0515,0.4652,0.8126,0.1085,0.127,0.0978,0.1157,0.1268,0.1266,51.42853029,64.07994874,25.50855102,30,18.5142709,4.834281847,130.547264,0,0,0,100,0
1,0.509854,0.562985,0.512148,0.494618,0.805115,0.843851,0.2697,0.0,0.3505,0.5197,0.0309,0.9015,0.7467,0.1085,0.127,0.0978,0.1157,0.1268,0.1266,51.42853029,64.07994874,25.50855102,30,18.5142709,4.834281847,130.547264,0,0,0,100,0
1,0.769988,0.685235,0.504725,0.529843,0.656801,0.613001,0.0156,0.6564,0.2027,0.1366,0.6675,0.3681,0.6419,0.1085,0.127,0.0978,0.1157,0.1268,0.1266,51.42853029,64.07994874,25.50855102,30,18.5142709,4.834281847,130.547264,0,0,0,100,0
1,0.746814,0.63151,0.569465,0.433711,0.834205,0.80084,0.007,0.551,0.0882,0.0613,0.8019,0.3641,0.6946,0.1085,0.127,0.0978,0.1157,0.1268,0.1266,51.42853029,64.07994874,25.50855102,30,18.5142709,4.834281847,130.547264,0,0,0,100,0
1,0.62599,0.800294,0.547584,0.412337,0.73098,0.827421,0.0194,0.4055,0.1065,0.7554,0.5628,0.7148,0.8226,0.1085,0.127,0.0978,0.1157,0.1268,0.1266,51.42853029,64.07994874,25.50855102,30,18.5142709,4.834281847,130.547264,0,0,0,100,0
1,0.731664,0.527882,0.554189,0.558198,0.88484,0.788724,0.3189,0.474,0.2213,0.5243,0.2221,0.1655,0.6725,0.1085,0.127,0.0978,0.1157,0.1268,0.1266,51.42853029,64.07994874,25.50855102,30,18.5142709,4.834281847,130.547264,0,0,0,100,0
1,0.40333,0.605933,0.596466,0.483604,0.868477,0.767535,0.6083,0.4864,0.8683,0.624,0.1341,0.1065,0.4619,0.1085,0.127,0.0978,0.1157,0.1268,0.1266,51.42853029,64.07994874,25.50855102,30,18.5142709,4.834281847,130.547264,0,0,0,100,0
1,0.433772,0.548501,0.522045,0.449524,0.849886,0.690522,0.8381,0.3927,0.3194,0.3749,0.5635,0.0747,0.456,0.1085,0.127,0.0978,0.1157,0.1268,0.1266,51.42853029,64.07994874,25.50855102,30,18.5142709,4.834281847,130.547264,0,0,0,100,0
1,0.41804,0.791874,0.578931,0.43671,0.750253,0.632666,0.8346,0.119,0.737,0.1467,0.3313,0.0053,0.5925,0.1085,0.127,0.0978,0.1157,0.1268,0.1266,51.42853029,64.07994874,25.50855102,30,18.5142709,4.834281847,130.547264,0,0,0,100,0
1,0.715806,0.598118,0.530802,0.378911,0.625665,0.577856,0.7669,0.1893,0.5997,0.0585,0.1164,0.0053,0.4978,0.1085,0.127,0.0978,0.1157,0.1268,0.1266,51.42853029,64.07994874,25.50855102,30,18.5142709,4.834281847,130.547264,0,0,0,100,0
1,0.690571,0.732332,0.539214,0.401213,0.689345,0.729726,0.4581,0.0921,0.3437,0.0718,0.0404,0.4811,0.5156,0.1085,0.127,0.0978,0.1157,0.1268,0.1266,51.42853029,64.07994874,25.50855102,30,18.5142709,4.834281847,130.547264,0,0,0,100,0
1,0.461854,0.64922,0.58814,0.391344,0.816751,0.668382,0.0002,0.0425,0.0649,0.0111,0.1198,0.0595,0.7932,0.1085,0.127,0.0978,0.1157,0.1268,0.1266,51.42853029,64.07994874,25.50855102,30,18.5142709,4.834281847,130.547264,0,0,0,100,0
1,0.612523,0.756853,0.561827,0.424333,0.672573,0.531292,0.0,0.2447,0.0664,0.0095,0.0635,0.133,0.7331,0.1085,0.127,0.0978,0.1157,0.1268,0.1266,51.42853029,64.07994874,25.50855102,30,18.5142709,4.834281847,130.547264,0,0,0,100,0
1,0.487105,0.769278,0.630503,0.503179,0.707481,0.747045,0.0042,0.0889,0.9677,0.2334,0.3062,0.0154,0.7669,0.1085,0.127,0.0978,0.1157,0.1268,0.1266,51.42853029,64.07994874,25.50855102,30,18.5142709,4.834281847,130.547264,0,0,0,100,0
1,0.534947,0.62097,0.617229,0.414572,0.651528,0.599932,0.2992,0.2182,0.8912,0.3046,0.1877,0.8826,0.5311,0.1085,0.127,0.0978,0.1157,0.1268,0.1266,51.42853029,64.07994874,25.50855102,30,18.5142709,4.834281847,130.547264,0,0,0,100,0
1,0.375688,0.580203,0.606385,0.474934,0.570985,0.652269,0.2778,0.0434,0.6554,0.1752,0.0799,0.4953,0.8161,0.1085,0.127,0.0978,0.1157,0.1268,0.1266,51.42853029,64.07994874,25.50855102,30,18.5142709,4.834281847,130.547264,0,0,0,100,0
1,0.44705,0.640473,0.497668,0.463756,0.592302,0.710822,0.2106,0.0202,0.9471,0.343,0.0607,0.3267,0.7028,0.1085,0.127,0.0978,0.1157,0.1268,0.1266,51.42853029,64.07994874,25.50855102,30,18.5142709,4.834281847,130.547264,0,0,0,100,0
1,0.56476,0.783751,0.489041,0.489438,0.792842,0.483587,0.9155,0.182,0.2175,0.1437,0.0745,0.5475,0.7656,0.1085,0.127,0.0978,0.1157,0.1268,0.1266,51.42853029,64.07994874,25.50855102,30,18.5142709,4.834281847,130.547264,0,0,0,100,0
1,0.520803,0.48524,0.515741,0.374004,0.77307,0.563392,0.1634,0.3,0.1089,0.3101,0.1659,0.0,0.6939,0.1085,0.127,0.0978,0.1157,0.1268,0.1266,51.42853029,64.07994874,25.50855102,30,18.5142709,4.834281847,130.547264,0,0,0,100,0
1,0.639315,0.495473,0.50735,0.452578,0.611393,0.724524,0.0094,0.216,0.1071,0.1775,0.2086,0.0988,0.7265,0.1085,0.127,0.0978,0.1157,0.1268,0.1266,51.42853029,64.07994874,25.50855102,30,18.5142709,4.834281847,130.547264,0,0,0,100,0
1,0.672117,0.461077,0.467913,0.434747,0.756071,0.543599,0.0014,0.5449,0.1231,0.0426,0.1668,0.0658,0.6964,0.1085,0.127,0.0978,0.1157,0.1268,0.1266,51.42853029,64.07994874,25.50855102,30,18.5142709,4.834281847,130.547264,0,0,0,100,0
1,0.390178,0.553407,0.48349,0.387908,0.734389,0.613698,0.0442,0.1738,0.4796,0.0043,0.1955,0.1811,0.5026,0.1085,0.127,0.0978,0.1157,0.1268,0.1266,51.42853029,64.07994874,25.50855102,30,18.5142709,4.834281847,130.547264,0,0,0,100,0
1,0.681729,0.713515,0.475938,0.419207,0.641846,0.69344,0.0776,0.0623,0.8091,0.5647,0.4373,0.0628,0.3958,0.1085,0.127,0.0978,0.1157,0.1268,0.1266,51.42853029,64.07994874,25.50855102,30,18.5142709,4.834281847,130.547264,0,0,0,100,0
1,0.412345,0.74155,0.532889,0.401704,0.716299,0.631651,0.1359,0.0074,0.602,0.3166,0.0864,0.0215,0.476,0.1085,0.127,0.0978,0.1157,0.1268,0.1266,51.42853029,64.07994874,25.50855102,30,18.5142709,4.834281847,130.547264,0,0,0,100,0
1,0.353396,0.518264,0.460963,0.480823,0.58353,0.739242,0.1838,0.0073,0.7198,0.0992,0.0159,0.1397,0.4349,0.1085,0.127,0.0978,0.1157,0.1268,0.1266,51.42853029,64.07994874,25.50855102,30,18.5142709,4.834281847,130.547264,0,0,0,100,0
1,0.550018,0.807095,0.499755,0.501598,0.690163,0.583692,0.5483,0.0075,0.9492,0.2721,0.032,0.0473,0.5935,0.1085,0.127,0.0978,0.1157,0.1268,0.1266,51.42853029,64.07994874,25.50855102,30,18.5142709,4.834281847,130.547264,0,0,0,100,0
1,0.472961,0.776756,0.547046,0.440854,0.548485,0.522982,0.1189,0.1457,0.7477,0.0,0.1771,0.2685,0.586,0.1085,0.127,0.0978,0.1157,0.1268,0.1266,51.42853029,64.07994874,25.50855102,30,18.5142709,4.834281847,130.547264,0,0,0,100,0
1,0.652609,0.571261,0.522497,0.467246,0.6698,0.714184,0.1829,0.483,0.8261,0.0049,0.2066,0.4585,0.3735,0.1085,0.127,0.0978,0.1157,0.1268,0.1266,51.42853029,64.07994874,25.50855102,30,18.5142709,4.834281847,130.547264,0,0,0,100,0
1,0.3637,0.590579,0.453304,0.455304,0.742935,0.66724,0.1583,0.4973,0.9471,0.0065,0.3221,0.0545,0.3439,0.1085,0.127,0.0978,0.1157,0.1268,0.1266,51.42853029,64.07994874,25.50855102,30,18.5142709,4.834281847,130.547264,0,0,0,100,0
1,0.587603,0.542673,0.492462,0.494019,0.529213,0.758591,0.0476,0.1484,0.9544,0.1139,0.3979,0.1065,0.3065,0.1085,0.127,0.0978,0.1157,0.1268,0.1266,51.42853029,64.07994874,25.50855102,30,18.5142709,4.834281847,130.547264,0,0,0,100,0
1,0.663968,0.748608,0.442934,0.479133,0.76707,0.729599,0.1232,0.1817,0.8452,0.3525,0.2377,0.2938,0.3826,0.1085,0.127,0.0978,0.1157,0.1268,0.1266,51.42853029,64.07994874,25.50855102,30,18.5142709,4.834281847,130.547264,0,0,0,100,0
1,0.574545,0.506822,0.511137,0.424387,0.626165,0.744698,0.3786,0.0716,0.0795,0.0774,0.0621,0.2997,0.356,0.1085,0.127,0.0978,0.1157,0.1268,0.1266,51.42853029,64.07994874,25.50855102,30,18.5142709,4.834281847,130.547264,0,0,0,100,0
1,0.629703,0.611936,0.538999,0.386818,0.595802,0.647701,0.3988,0.0222,0.2762,0.0229,0.0834,0.3008,0.5802,0.1085,0.127,0.0978,0.1157,0.1268,0.1266,51.42853029,64.07994874,25.50855102,30,18.5142709,4.834281847,130.547264,0,0,0,100,0
1,0.339111,0.76175,0.465998,0.403558,0.563576,0.558571,0.2228,0.0032,0.4434,0.0285,0.0139,0.0132,0.4333,0.1085,0.127,0.0978,0.1157,0.1268,0.1266,51.42853029,64.07994874,25.50855102,30,18.5142709,4.834281847,130.547264,0,0,0,100,0
1,0.307158,0.471556,0.471958,0.433602,0.726117,0.716531,0.2483,0.0765,0.0403,0.001,0.3283,0.0283,0.5694,0.1085,0.127,0.0978,0.1157,0.1268,0.1266,51.42853029,64.07994874,25.50855102,30,18.5142709,4.834281847,130.547264,0,0,0,100,0
1,0.599827,0.721239,0.504919,0.445326,0.75498,0.60228,0.1239,0.3604,0.1497,0.0,0.2859,0.0128,0.4513,0.1085,0.127,0.0978,0.1157,0.1268,0.1266,51.42853029,64.07994874,25.50855102,30,18.5142709,4.834281847,130.547264,0,0,0,100,0
1,0.69205,0.56109,0.527682,0.499035,0.6588,0.622136,0.0018,0.0494,0.0288,0.1633,0.0219,0.0458,0.7154,0.1085,0.127,0.0978,0.1157,0.1268,0.1266,51.42853029,64.07994874,25.50855102,30,18.5142709,4.834281847,130.547264,0,0,0,100,0
1,0.502554,0.664738,0.498809,0.485403,0.611165,0.580584,0.0122,0.2036,0.0071,0.0257,0.294,0.0314,0.4835,0.1085,0.127,0.0978,0.1157,0.1268,0.1266,51.42853029,64.07994874,25.50855102,30,18.5142709,4.834281847,130.547264,0,0,0,100,0
1,0.432812,0.656298,0.477659,0.474771,0.641301,0.6916,0.3341,0.1283,0.0112,0.7568,0.0621,0.0,0.5325,0.1085,0.127,0.0978,0.1157,0.1268,0.1266,51.42853029,64.07994874,25.50855102,30,18.5142709,4.834281847,130.547264,0,0,0,100,0
1,0.322481,0.671519,0.484996,0.46332,0.782252,0.669714,0.1175,0.2058,0.4462,0.3892,0.0072,0.0455,0.6259,0.1085,0.127,0.0978,0.1157,0.1268,0.1266,51.42853029,64.07994874,25.50855102,30,18.5142709,4.834281847,130.547264,0,0,0,100,0
1,0.456143,0.533423,0.516666,0.414136,0.710708,0.770961,0.2766,0.0508,0.4609,0.833,0.0152,0.0716,0.645,0.1085,0.127,0.0978,0.1157,0.1268,0.1266,51.42853029,64.07994874,25.50855102,30,18.5142709,4.834281847,130.547264,0,0,0,100,0
1,0.710551,0.789477,0.491171,0.523027,0.584848,0.528057,0.2732,0.0641,0.6531,0.6207,0.0911,0.0811,0.3453,0.1085,0.127,0.0978,0.1157,0.1268,0.1266,51.42853029,64.07994874,25.50855102,30,18.5142709,4.834281847,130.547264,0,0,0,100,0
1,0.534931,0.629318,0.460275,0.512067,0.6923,0.752627,0.1669,0.0641,0.093,0.3856,0.0121,0.7299,0.6162,0.1085,0.127,0.0978,0.1157,0.1268,0.1266,51.42853029,64.07994874,25.50855102,30,18.5142709,4.834281847,130.547264,0,0,0,100,0
1,0.401238,0.756177,0.452788,0.534969,0.740571,0.735182,0.2136,0.0427,0.4708,0.6186,0.1762,0.5084,0.5694,0.1085,0.127,0.0978,0.1157,0.1268,0.1266,51.42853029,64.07994874,25.50855102,30,18.5142709,4.834281847,130.547264,0,0,0,100,0
1,0.617557,0.605022,0.510233,0.425041,0.765298,0.501223,0.5646,0.0023,0.2782,0.1874,0.2286,0.633,0.6281,0.1085,0.127,0.0978,0.1157,0.1268,0.1266,51.42853029,64.07994874,25.50855102,30,18.5142709,4.834281847,130.547264,0,0,0,100,0
1,0.516776,0.794845,0.421741,0.501053,0.619074,0.639137,0.7242,0.5648,0.1364,0.1264,0.6451,0.1305,0.6063,0.1085,0.127,0.0978,0.1157,0.1268,0.1266,51.42853029,64.07994874,25.50855102,30,18.5142709,4.834281847,130.547264,0,0,0,100,0
1,0.608983,0.801318,0.435038,0.453123,0.674255,0.586801,0.3719,0.3004,0.0339,0.2029,0.4707,0.0532,0.4894,0.1085,0.127,0.0978,0.1157,0.1268,0.1266,51.42853029,64.07994874,25.50855102,30,18.5142709,4.834281847,130.547264,0,0,0,100,0
1,0.639881,0.577345,0.445171,0.438564,0.808251,0.657851,0.5834,0.1848,0.1226,0.2449,0.4932,0.0176,0.4475,0.1085,0.127,0.0978,0.1157,0.1268,0.1266,51.42853029,64.07994874,25.50855102,30,18.5142709,4.834281847,130.547264,0,0,0,100,0
1,0.290938,0.783024,0.494958,0.46501,0.535531,0.707015,0.0092,0.5228,0.0531,0.0221,0.3195,0.7445,0.3596,0.1085,0.127,0.0978,0.1157,0.1268,0.1266,51.42853029,64.07994874,25.50855102,30,18.5142709,4.834281847,130.547264,0,0,0,100,0
1,0.375059,0.706847,0.467698,0.523136,0.564758,0.680689,0.3679,0.4824,0.0598,0.2474,0.0167,0.8007,0.3468,0.1085,0.127,0.0978,0.1157,0.1268,0.1266,51.42853029,64.07994874,25.50855102,30,18.5142709,4.834281847,130.547264,0,0,0,100,0
1,0.361498,0.522781,0.485211,0.408629,0.600257,0.722367,0.2517,0.1884,0.6248,0.6942,0.5726,0.116,0.6458,0.1085,0.127,0.0978,0.1157,0.1268,0.1266,51.42853029,64.07994874,25.50855102,30,18.5142709,4.834281847,130.547264,0,0,0,100,0
1,0.346064,0.549781,0.479187,0.554435,0.704663,0.615094,0.0,0.1797,0.9673,0.2086,0.572,0.0173,0.6162,0.1085,0.127,0.0978,0.1157,0.1268,0.1266,51.42853029,64.07994874,25.50855102,30,18.5142709,4.834281847,130.547264,0,0,0,100,0
1,0.5624,0.767906,0.550123,0.487312,0.72598,0.571068,0.2872,0.5817,0.9619,0.7318,0.5375,0.0291,0.5361,0.1085,0.127,0.0978,0.1157,0.1268,0.1266,51.42853029,64.07994874,25.50855102,30,18.5142709,4.834281847,130.547264,0,0,0,100,0
1,0.386449,0.484298,0.533836,0.508578,0.629574,0.476038,0.6981,0.3126,0.4259,0.1607,0.4719,0.5187,0.2829,0.1085,0.127,0.0978,0.1157,0.1268,0.1266,51.42853029,64.07994874,25.50855102,30,18.5142709,4.834281847,130.547264,0,0,0,100,0
1,0.587021,0.646619,0.522712,0.416699,0.753343,0.552608,0.8463,0.0151,0.8428,0.2741,0.4407,0.5105,0.5027,0.1085,0.127,0.0978,0.1157,0.1268,0.1266,51.42853029,64.07994874,25.50855102,30,18.5142709,4.834281847,130.547264,0,0,0,100,0
1,0.549688,0.434835,0.502165,0.535732,0.786979,0.747616,0.4428,0.2297,0.8236,0.2365,0.3419,0.1368,0.4637,0.1085,0.127,0.0978,0.1157,0.1268,0.1266,51.42853029,64.07994874,25.50855102,30,18.5142709,4.834281847,130.547264,0,0,0,100,0
1,0.423153,0.539641,0.474281,0.457485,0.771434,0.734928,0.292,0.1208,0.3628,0.161,0.1115,0.1508,0.4219,0.1085,0.127,0.0978,0.1157,0.1268,0.1266,51.42853029,64.07994874,25.50855102,30,18.5142709,4.834281847,130.547264,0,0,0,100,0
1,0.483345,0.676589,0.459543,0.428804,0.517486,0.51556,0.1476,0.0985,0.1073,0.037,0.5001,0.2855,0.6213,0.1085,0.127,0.0978,0.1157,0.1268,0.1266,51.42853029,64.07994874,25.50855102,30,18.5142709,4.834281847,130.547264,0,0,0,100,0
1,0.574388,0.61424,0.51359,0.445053,0.585257,0.447301,0.1609,0.1579,0.0498,0.0426,0.4924,0.0197,0.6556,0.1085,0.127,0.0978,0.1157,0.1268,0.1266,51.42853029,64.07994874,25.50855102,30,18.5142709,4.834281847,130.547264,0,0,0,100,0
1,0.6522,0.458209,0.491752,0.4679,0.661209,0.715833,0.3613,0.274,0.3005,0.35,0.1499,0.0332,0.4562,0.1085,0.127,0.0978,0.1157,0.1268,0.1266,51.42853029,64.07994874,25.50855102,30,18.5142709,4.834281847,130.547264,0,0,0,100,0
1,0.527033,0.635751,0.464987,0.525045,0.547803,0.631842,0.5027,0.1506,0.5226,0.0445,0.0441,0.0571,0.5332,0.1085,0.127,0.0978,0.1157,0.1268,0.1266,51.42853029,64.07994874,25.50855102,30,18.5142709,4.834281847,130.547264,0,0,0,100,0
1,0.598332,0.62181,0.443558,0.502089,0.644801,0.64713,0.0232,0.051,0.3506,0.1816,0.1301,0.1031,0.3241,0.1085,0.127,0.0978,0.1157,0.1268,0.1266,51.42853029,64.07994874,25.50855102,30,18.5142709,4.834281847,130.547264,0,0,0,100,0
1,0.538534,0.741817,0.469333,0.483222,0.60862,0.662038,0.2992,0.0092,0.2547,0.2848,0.2169,0.2394,0.6574,0.1085,0.127,0.0978,0.1157,0.1268,0.1266,51.42853029,64.07994874,25.50855102,30,18.5142709,4.834281847,130.547264,0,0,0,100,0
1,0.264634,0.68756,0.481338,0.516375,0.73698,0.597458,0.4916,0.5204,0.0243,0.5173,0.0779,0.244,0.468,0.1085,0.127,0.0978,0.1157,0.1268,0.1266,51.42853029,64.07994874,25.50855102,30,18.5142709,4.834281847,130.547264,0,0,0,100,0
1,0.474755,0.59863,0.475572,0.432675,0.715663,0.734103,0.1261,0.4807,0.2716,0.0519,0.372,0.0322,0.5067,0.1085,0.127,0.0978,0.1157,0.1268,0.1266,51.42853029,64.07994874,25.50855102,30,18.5142709,4.834281847,130.547264,0,0,0,100,0
1,0.630316,0.568588,0.531512,0.533278,0.572348,0.560537,0.0815,0.4784,0.319,0.0787,0.3853,0.234,0.3473,0.1085,0.127,0.0978,0.1157,0.1268,0.1266,51.42853029,64.07994874,25.50855102,30,18.5142709,4.834281847,130.547264,0,0,0,100,0
1,0.444391,0.49196,0.433704,0.418989,0.69939,0.500462,0.1218,0.5037,0.2884,0.0787,0.5738,0.1864,0.3544,0.1085,0.127,0.0978,0.1157,0.1268,0.1266,51.42853029,64.07994874,25.50855102,30,18.5142709,4.834281847,130.547264,0,0,0,100,0
1,0.497881,0.760029,0.522562,0.476733,0.762298,0.540808,0.1218,0.4759,0.2225,0.1554,0.1746,0.0046,0.6199,0.1085,0.127,0.0978,0.1157,0.1268,0.1266,51.42853029,64.07994874,25.50855102,30,18.5142709,4.834281847,130.547264,0,0,0,100,0
1,0.51256,0.587332,0.457672,0.446634,0.681709,0.698325,0.0634,0.5781,0.1222,0.776,0.2227,0.043,0.6242,0.1085,0.127,0.0978,0.1157,0.1268,0.1266,51.42853029,64.07994874,25.50855102,30,18.5142709,4.834281847,130.547264,0,0,0,100,0
1,0.33694,0.775639,0.489815,0.490747,0.630165,0.725222,0.0,0.3279,0.6939,0.776,0.2916,0.268,0.5434,0.1085,0.127,0.0978,0.1157,0.1268,0.1266,51.42853029,64.07994874,25.50855102,30,18.5142709,4.834281847,130.547264,0,0,0,100,0
1,0.318297,0.498853,0.4487,0.464029,0.526168,0.713106,0.0476,0.3437,0.6892,0.5619,0.3422,0.5318,0.6285,0.1085,0.127,0.0978,0.1157,0.1268,0.1266,51.42853029,64.07994874,25.50855102,30,18.5142709,4.834281847,130.547264,0,0,0,100,0
1,0.284126,0.729556,0.51445,0.544675,0.591257,0.590226,0.2674,0.3709,0.0263,0.4371,0.322,0.0621,0.4518,0.1085,0.127,0.0978,0.1157,0.1268,0.1266,51.42853029,64.07994874,25.50855102,30,18.5142709,4.834281847,130.547264,0,0,0,100,0
1,0.461099,0.516533,0.504575,0.439927,0.612529,0.613762,0.0,0.0773,0.1016,0.0665,0.3028,0.0479,0.66,0.1085,0.127,0.0978,0.1157,0.1268,0.1266,51.42853029,64.07994874,25.50855102,30,18.5142709,4.834281847,130.547264,0,0,0,100,0
1,0.248571,0.527708,0.497346,0.504433,0.750525,0.674218,0.5926,0.1597,0.0367,0.0726,0.2232,0.3029,0.3456,0.1085,0.127,0.0978,0.1157,0.1268,0.1266,51.42853029,64.07994874,25.50855102,30,18.5142709,4.834281847,130.547264,0,0,0,100,0
1,0.411731,0.558048,0.421677,0.5221,0.723935,0.757195,0.5083,0.2668,0.7015,0.183,0.2933,0.4195,0.3285,0.1085,0.127,0.0978,0.1157,0.1268,0.1266,51.42853029,64.07994874,25.50855102,30,18.5142709,4.834281847,130.547264,0,0,0,100,0
1,0.300692,0.75081,0.470667,0.576628,0.777888,0.628606,0.2343,0.4064,0.7175,0.5,0.0637,0.3166,0.3272,0.1085,0.127,0.0978,0.1157,0.1268,0.1266,51.42853029,64.07994874,25.50855102,30,18.5142709,4.834281847,130.547264,0,0,0,100,0
1,0.226876,0.810701,0.464234,0.47597,0.659391,0.740574,0.0832,0.7757,0.902,0.8459,0.0776,0.0398,0.5733,0.1085,0.127,0.0978,0.1157,0.1268,0.1266,51.42853029,64.07994874,25.50855102,30,18.5142709,4.834281847,130.547264,0,0,0,100,0
1,0.364377,0.717182,0.544399,0.595549,0.557485,0.646242,0.0571,0.5413,0.7006,0.863,0.0511,0.0691,0.3408,0.1085,0.127,0.0978,0.1157,0.1268,0.1266,51.42853029,64.07994874,25.50855102,30,18.5142709,4.834281847,130.547264,0,0,0,100,0
1,0.617699,0.801318,0.484264,0.557161,0.790751,0.566183,0.0957,0.2809,0.1938,0.8687,0.1397,0.0,0.4953,0.1085,0.127,0.0978,0.1157,0.1268,0.1266,51.42853029,64.07994874,25.50855102,30,18.5142709,4.834281847,130.547264,0,0,0,100,0
1,0.39817,0.766513,0.554533,0.453178,0.633074,0.512261,0.1775,0.2813,0.0008,0.7889,0.1775,0.0856,0.4925,0.1085,0.127,0.0978,0.1157,0.1268,0.1266,51.42853029,64.07994874,25.50855102,30,18.5142709,4.834281847,130.547264,0,0,0,100,0
1,0.552016,0.446153,0.537321,0.493419,0.737207,0.532561,0.0305,0.3483,0.0091,0.1624,0.0261,0.1056,0.3658,0.1085,0.127,0.0978,0.1157,0.1268,0.1266,51.42853029,64.07994874,25.50855102,30,18.5142709,4.834281847,130.547264,0,0,0,100,0
1,0.565342,0.664974,0.479359,0.542712,0.582848,0.724842,0.2932,0.37,0.0901,0.1024,0.0234,0.009,0.4612,0.1085,0.127,0.0978,0.1157,0.1268,0.1266,51.42853029,64.07994874,25.50855102,30,18.5142709,4.834281847,130.547264,0,0,0,100,0
1,0.351744,0.5767,0.491623,0.508032,0.510304,0.707523,0.6692,0.6846,0.1315,0.5186,0.0692,0.0,0.6298,0.1085,0.127,0.0978,0.1157,0.1268,0.1266,51.42853029,64.07994874,25.50855102,30,18.5142709,4.834281847,130.547264,0,0,0,100,0
1,0.526262,0.609867,0.522368,0.460593,0.536622,0.595365,0.7125,0.7079,0.0288,0.526,0.1832,0.0,0.5962,0.1085,0.127,0.0978,0.1157,0.1268,0.1266,51.42853029,64.07994874,25.50855102,30,18.5142709,4.834281847,130.547264,0,0,0,100,0
1,0.577361,0.552516,0.508878,0.56365,0.764389,0.688301,0.2429,0.7079,0.0969,0.6409,0.5001,0.1951,0.3544,0.1085,0.127,0.0978,0.1157,0.1268,0.1266,51.42853029,64.07994874,25.50855102,30,18.5142709,4.834281847,130.547264,0,0,0,100,0
1,0.538188,0.787111,0.529382,0.526081,0.706299,0.547152,0.2259,0.3294,0.7353,0.0539,0.4387,0.0666,0.5352,0.1085,0.127,0.0978,0.1157,0.1268,0.1266,51.42853029,64.07994874,25.50855102,30,18.5142709,4.834281847,130.547264,0,0,0,100,0
1,0.588877,0.544916,0.497841,0.469754,0.654528,0.47902,0.0209,0.0753,0.7376,0.0147,0.3681,0.2938,0.4883,0.1085,0.127,0.0978,0.1157,0.1268,0.1266,51.42853029,64.07994874,25.50855102,30,18.5142709,4.834281847,130.547264,0,0,0,100,0
1,0.64232,0.467397,0.545196,0.496254,0.617983,0.714565,0.104,0.0772,0.3792,0.0005,0.0747,0.2445,0.4464,0.1085,0.127,0.0978,0.1157,0.1268,0.1266,51.42853029,64.07994874,25.50855102,30,18.5142709,4.834281847,130.547264,0,0,0,100,0
1,0.665777,0.654772,0.502509,0.481805,0.59662,0.640406,0.1321,0.3067,0.0618,0.4549,0.1481,0.1014,0.2857,0.1085,0.127,0.0978,0.1157,0.1268,0.1266,51.42853029,64.07994874,25.50855102,30,18.5142709,4.834281847,130.547264,0,0,0,100,0
1,0.489701,0.79423,0.534481,0.446035,0.641165,0.620042,0.173,0.0717,0.2866,0.4401,0.0722,0.0836,0.2412,0.1085,0.127,0.0978,0.1157,0.1268,0.1266,51.42853029,64.07994874,25.50855102,30,18.5142709,4.834281847,130.547264,0,0,0,100,0
1,0.504064,0.706222,0.486029,0.588842,0.574166,0.728267,0.0781,0.0682,0.2351,0.3644,0.2056,0.0792,0.3302,0.1085,0.127,0.0978,0.1157,0.1268,0.1266,51.42853029,64.07994874,25.50855102,30,18.5142709,4.834281847,130.547264,0,0,0,100,0
1,0.445115,0.616924,0.472302,0.578591,0.725935,0.740194,0.0748,0.1445,0.0988,0.3358,0.2791,0.0065,0.3205,0.1085,0.127,0.0978,0.1157,0.1268,0.1266,51.42853029,64.07994874,25.50855102,30,18.5142709,4.834281847,130.547264,0,0,0,100,0
1,0.268441,0.538248,0.47951,0.565777,0.779524,0.566056,0.0194,0.0955,0.0888,0.311,0.3748,0.0092,0.2696,0.1085,0.127,0.0978,0.1157,0.1268,0.1266,51.42853029,64.07994874,25.50855102,30,18.5142709,4.834281847,130.547264,0,0,0,100,0
1,0.606922,0.757417,0.518753,0.517029,0.680164,0.662672,0.1168,0.5231,0.0195,0.0,0.1141,0.0484,0.2588,0.1085,0.127,0.0978,0.1157,0.1268,0.1266,51.42853029,64.07994874,25.50855102,30,18.5142709,4.834281847,130.547264,0,0,0,100,0
1,0.469563,0.56405,0.493193,0.543911,0.749025,0.505727,0.0017,0.2656,0.3221,0.0209,0.1198,0.4106,0.3571,0.1085,0.127,0.0978,0.1157,0.1268,0.1266,51.42853029,64.07994874,25.50855102,30,18.5142709,4.834281847,130.547264,0,0,0,100,0
1,0.207966,0.508011,0.511696,0.471553,0.551894,0.596697,0.0225,0.2455,0.052,0.074,0.0984,0.5285,0.3023,0.1085,0.127,0.0978,0.1157,0.1268,0.1266,51.42853029,64.07994874,25.50855102,30,18.5142709,4.834281847,130.547264,0,0,0,100,0
1,0.424049,0.524737,0.453842,0.554653,0.605575,0.70543,0.0787,0.2654,0.0943,0.0038,0.1578,0.0431,0.5068,0.1085,0.127,0.0978,0.1157,0.1268,0.1266,51.42853029,64.07994874,25.50855102,30,18.5142709,4.834281847,130.547264,0,0,0,100,0
1,0.374571,0.646004,0.503284,0.532188,0.628483,0.722431,0.0989,0.16,0.2266,0.0003,0.266,0.0047,0.2816,0.1085,0.127,0.0978,0.1157,0.1268,0.1266,51.42853029,64.07994874,25.50855102,30,18.5142709,4.834281847,130.547264,0,0,0,100,0
1,0.126897,0.772679,0.526671,0.460811,0.714026,0.542331,0.108,0.0337,0.0558,0.0064,0.2385,0.0037,0.3022,0.1085,0.127,0.0978,0.1157,0.1268,0.1266,51.42853029,64.07994874,25.50855102,30,18.5142709,4.834281847,130.547264,0,0,0,100,0
1,0.186601,0.492656,0.466407,0.506015,0.650392,0.6857,0.0649,0.0291,0.3995,0.1849,0.102,0.1037,0.3561,0.1085,0.127,0.0978,0.1157,0.1268,0.1266,51.42853029,64.07994874,25.50855102,30,18.5142709,4.834281847,130.547264,0,0,0,100,0
1,0.47927,0.692159,0.425765,0.492437,0.799388,0.579188,0.2685,0.0394,0.0581,0.0825,0.078,0.2949,0.5668,0.1085,0.127,0.0978,0.1157,0.1268,0.1266,51.42853029,64.07994874,25.50855102,30,18.5142709,4.834281847,130.547264,0,0,0,100,0
1,0.280413,0.532102,0.443794,0.520846,0.765525,0.745078,0.3152,0.0452,0.0581,0.129,0.0268,0.2784,0.5668,0.1085,0.127,0.0978,0.1157,0.1268,0.1266,51.42853029,64.07994874,25.50855102,30,18.5142709,4.834281847,130.547264,0,0,0,100,0
1,0.329923,0.782154,0.473916,0.563868,0.531213,0.640596,0.2766,0.0356,0.1226,0.5845,0.2673,0.0391,0.4719,0.1085,0.127,0.0978,0.1157,0.1268,0.1266,51.42853029,64.07994874,25.50855102,30,18.5142709,4.834281847,130.547264,0,0,0,100,0
1,0.392412,0.6353,0.481317,0.479733,0.738616,0.600694,0.2364,0.0205,0.007,0.0123,0.215,0.0098,0.296,0.1085,0.127,0.0978,0.1157,0.1268,0.1266,51.42853029,64.07994874,25.50855102,30,18.5142709,4.834281847,130.547264,0,0,0,100,0
1,0.596256,0.456837,0.460512,0.580008,0.777615,0.724271,0.2908,0.0102,0.0254,0.5501,0.3152,0.0283,0.409,0.1085,0.127,0.0978,0.1157,0.1268,0.1266,51.42853029,64.07994874,25.50855102,30,18.5142709,4.834281847,130.547264,0,0,0,100,0
1,0.558309,0.600433,0.517549,0.468336,0.663028,0.62074,0.0283,0.215,0.0314,0.2504,0.2051,0.0679,0.2931,0.1085,0.127,0.0978,0.1157,0.1268,0.1266,51.42853029,64.07994874,25.50855102,30,18.5142709,4.834281847,130.547264,0,0,0,100,0
1,0.31128,0.5843,0.505091,0.548219,0.702799,0.704605,0.0232,0.4312,0.1518,0.1921,0.3858,0.1832,0.5054,0.1085,0.127,0.0978,0.1157,0.1268,0.1266,51.42853029,64.07994874,25.50855102,30,18.5142709,4.834281847,130.547264,0,0,0,100,0
1,0.572358,0.483878,0.488331,0.530661,0.591802,0.540554,0.5208,0.7343,0.3561,0.0435,0.1072,0.3571,0.3716,0.1085,0.127,0.0978,0.1157,0.1268,0.1266,51.42853029,64.07994874,25.50855102,30,18.5142709,4.834281847,130.547264,0,0,0,100,0
1,0.241712,0.573863,0.539752,0.493801,0.574439,0.727887,0.4567,0.3403,0.0843,0.3944,0.325,0.2066,0.2982,0.1085,0.127,0.0978,0.1157,0.1268,0.1266,51.42853029,64.07994874,25.50855102,30,18.5142709,4.834281847,130.547264,0,0,0,100,0
1,0.460454,0.763358,0.532265,0.575537,0.614438,0.714691,0.3732,0.5553,0.4241,0.4367,0.0377,0.0111,0.3055,0.1085,0.127,0.0978,0.1157,0.1268,0.1266,51.42853029,64.07994874,25.50855102,30,18.5142709,4.834281847,130.547264,0,0,0,100,0
1,0.259757,0.731502,0.546486,0.517411,0.515622,0.502809,0.1951,0.2224,0.5782,0.0618,0.23,0.0384,0.2943,0.1085,0.127,0.0978,0.1157,0.1268,0.1266,51.42853029,64.07994874,25.50855102,30,18.5142709,4.834281847,130.547264,0,0,0,100,0
1,0.548901,0.748485,0.509932,0.48006,0.749434,0.687413,0.4776,0.1306,0.2672,0.0301,0.0167,0.7638,0.5341,0.1085,0.127,0.0978,0.1157,0.1268,0.1266,51.42853029,64.07994874,25.50855102,30,18.5142709,4.834281847,130.547264,0,0,0,100,0
1,0.298238,0.516799,0.495216,0.562342,0.636437,0.637614,0.0167,0.1154,0.1961,0.0687,0.4797,0.608,0.4392,0.1085,0.127,0.0978,0.1157,0.1268,0.1266,51.42853029,64.07994874,25.50855102,30,18.5142709,4.834281847,130.547264,0,0,0,100,0
1,0.3508,0.553264,0.482629,0.588406,0.79007,0.596316,0.1677,0.0258,0.0854,0.6222,0.4767,0.1287,0.5428,0.1085,0.127,0.0978,0.1157,0.1268,0.1266,51.42853029,64.07994874,25.50855102,30,18.5142709,4.834281847,130.547264,0,0,0,100,0
1,0.584441,0.593079,0.50238,0.543257,0.722799,0.617378,0.2968,0.174,0.0201,0.2582,0.2041,0.0233,0.2843,0.1085,0.127,0.0978,0.1157,0.1268,0.1266,51.42853029,64.07994874,25.50855102,30,18.5142709,4.834281847,130.547264,0,0,0,100,0
1,0.533767,0.741407,0.524476,0.532242,0.552303,0.561362,0.3759,0.1435,0.4523,0.1149,0.6531,0.4956,0.4091,0.1085,0.127,0.0978,0.1157,0.1268,0.1266,51.42853029,64.07994874,25.50855102,30,18.5142709,4.834281847,130.547264,0,0,0,100,0
1,0.493398,0.616832,0.472367,0.501653,0.776843,0.578681,0.6879,0.2722,0.1583,0.2212,0.2346,0.5574,0.3394,0.1085,0.127,0.0978,0.1157,0.1268,0.1266,51.42853029,64.07994874,25.50855102,30,18.5142709,4.834281847,130.547264,0,0,0,100,0
1,0.157418,0.72341,0.544464,0.597893,0.655437,0.673647,0.536,0.3383,0.3179,0.1329,0.0581,0.6991,0.4978,0.1085,0.127,0.0978,0.1157,0.1268,0.1266,51.42853029,64.07994874,25.50855102,30,18.5142709,4.834281847,130.547264,0,0,0,100,0
1,0.517704,0.608248,0.538225,0.489275,0.680527,0.47312,0.1021,0.6128,0.149,0.7335,0.3324,0.6858,0.5067,0.1085,0.127,0.0978,0.1157,0.1268,0.1266,51.42853029,64.07994874,25.50855102,30,18.5142709,4.834281847,130.547264,0,0,0,100,0
1,0.33856,0.672205,0.489729,0.578754,0.706526,0.52387,0.5249,0.1922,0.4665,0.2539,0.1062,0.1092,0.5487,0.1085,0.127,0.0978,0.1157,0.1268,0.1266,51.42853029,64.07994874,25.50855102,30,18.5142709,4.834281847,130.547264,0,0,0,100,0
1,0.469658,0.652109,0.549628,0.549964,0.763343,0.422496,0.656,0.1217,0.7238,0.2257,0.1085,0.1259,0.2852,0.1085,0.127,0.0978,0.1157,0.1268,0.1266,51.42853029,64.07994874,25.50855102,30,18.5142709,4.834281847,130.547264,0,0,0,100,0
1,0.405957,0.680594,0.496399,0.51403,0.584757,0.539286,0.1168,0.1782,0.2351,0.9576,0.186,0.2369,0.5397,0.1085,0.127,0.0978,0.1157,0.1268,0.1266,51.42853029,64.07994874,25.50855102,30,18.5142709,4.834281847,130.547264,0,0,0,100,0
1,0.504882,0.524205,0.516688,0.612398,0.738071,0.447301,0.8573,0.1674,0.064,0.2506,0.0846,0.3979,0.4682,0.1085,0.127,0.0978,0.1157,0.1268,0.1266,51.42853029,64.07994874,25.50855102,30,18.5142709,4.834281847,130.547264,0,0,0,100,0
1,0.453705,0.769667,0.530415,0.589333,0.620983,0.659056,0.4276,0.1186,0.3592,0.0237,0.0599,0.3815,0.2825,0.1085,0.127,0.0978,0.1157,0.1268,0.1266,51.42853029,64.07994874,25.50855102,30,18.5142709,4.834281847,130.547264,0,0,0,100,0
1,0.481724,0.505849,0.508942,0.533933,0.534213,0.67352,0.3907,0.081,0.3592,0.1898,0.6981,0.205,0.2825,0.1085,0.127,0.0978,0.1157,0.1268,0.1266,51.42853029,64.07994874,25.50855102,30,18.5142709,4.834281847,130.547264,0,0,0,100,0
1,0.563155,0.712819,0.554404,0.565232,0.640028,0.595745,0.6902,0.1049,0.6629,0.083,0.217,0.3205,0.2577,0.1085,0.127,0.0978,0.1157,0.1268,0.1266,51.42853029,64.07994874,25.50855102,30,18.5142709,4.834281847,130.547264,0,0,0,100,0
1,0.43931,0.543093,0.559998,0.600565,0.602529,0.636155,0.324,0.103,0.2202,0.0189,0.1315,0.3381,0.4767,0.1085,0.127,0.0978,0.1157,0.1268,0.1266,51.42853029,64.07994874,25.50855102,30,18.5142709,4.834281847,130.547264,0,0,0,100,0
1,0.27272,0.512149,0.567399,0.50427,0.560576,0.503063,0.5387,0.018,0.6408,0.0005,0.133,0.1984,0.2968,0.1085,0.127,0.0978,0.1157,0.1268,0.1266,51.42853029,64.07994874,25.50855102,30,18.5142709,4.834281847,130.547264,0,0,0,100,0
1,0.543222,0.756669,0.479768,0.549419,0.790251,0.572844,0.3534,0.1352,0.7085,0.1155,0.2241,0.0,0.4578,0.1085,0.127,0.0978,0.1157,0.1268,0.1266,51.42853029,64.07994874,25.50855102,30,18.5142709,4.834281847,130.547264,0,0,0,100,0
1,0.574577,0.781058,0.518237,0.517629,0.746207,0.465507,0.3907,0.1127,0.0248,0.0765,0.101,0.205,0.3279,0.1085,0.127,0.0978,0.1157,0.1268,0.1266,51.42853029,64.07994874,25.50855102,30,18.5142709,4.834281847,130.547264,0,0,0,100,0
1,0.285573,0.464877,0.502552,0.589987,0.724071,0.54804,0.4706,0.2689,0.1475,0.0493,0.2112,0.1932,0.5922,0.1085,0.127,0.0978,0.1157,0.1268,0.1266,51.42853029,64.07994874,25.50855102,30,18.5142709,4.834281847,130.547264,0,0,0,100,0
1,0.379967,0.643556,0.524455,0.608472,0.664618,0.523172,0.1127,0.2566,0.8048,0.0032,0.1597,0.0948,0.5944,0.1085,0.127,0.0978,0.1157,0.1268,0.1266,51.42853029,64.07994874,25.50855102,30,18.5142709,4.834281847,130.547264,0,0,0,100,0
1,0.23062,0.736183,0.547153,0.573411,0.625438,0.684114,0.0463,0.1458,0.5089,0.0268,0.0453,0.1371,0.5431,0.1085,0.127,0.0978,0.1157,0.1268,0.1266,51.42853029,64.07994874,25.50855102,30,18.5142709,4.834281847,130.547264,0,0,0,100,0
1,0.594462,0.446758,0.491967,0.534424,0.77407,0.650175,0.2197,0.1642,0.5259,0.5515,0.0463,0.0797,0.5171,0.1085,0.127,0.0978,0.1157,0.1268,0.1266,51.42853029,64.07994874,25.50855102,30,18.5142709,4.834281847,130.547264,0,0,0,100,0
1,0.610006,0.576843,0.511115,0.564032,0.649392,0.592637,0.1389,0.0964,0.1293,0.459,0.1558,0.0922,0.5962,0.1085,0.127,0.0978,0.1157,0.1268,0.1266,51.42853029,64.07994874,25.50855102,30,18.5142709,4.834281847,130.547264,0,0,0,100,0
1,0.212198,0.491458,0.537558,0.637699,0.589757,0.670158,0.0581,0.0531,0.1313,0.0829,0.2449,0.0552,0.3855,0.1085,0.127,0.0978,0.1157,0.1268,0.1266,51.42853029,64.07994874,25.50855102,30,18.5142709,4.834281847,130.547264,0,0,0,100,0
1,0.17765,0.533987,0.55363,0.621831,0.512259,0.483651,0.5633,0.0967,0.3588,0.7844,0.2328,0.0271,0.5905,0.1085,0.127,0.0978,0.1157,0.1268,0.1266,51.42853029,64.07994874,25.50855102,30,18.5142709,4.834281847,130.547264,0,0,0,100,0
1,0.245503,0.559922,0.563161,0.652203,0.76148,0.556604,0.6856,0.1145,0.4947,0.7204,0.1353,0.3156,0.6068,0.1085,0.127,0.0978,0.1157,0.1268,0.1266,51.42853029,64.07994874,25.50855102,30,18.5142709,4.834281847,130.547264,0,0,0,100,0
1,0.321522,0.691524,0.530092,0.551109,0.692709,0.630953,0.6275,0.2681,0.0079,0.4559,0.0446,0.4132,0.3565,0.1085,0.127,0.0978,0.1157,0.1268,0.1266,51.42853029,64.07994874,25.50855102,30,18.5142709,4.834281847,130.547264,0,0,0,100,0
1,0.196418,0.775793,0.590657,0.578209,0.713254,0.504141,0.2333,0.1948,0.798,0.1731,0.0662,0.1204,0.3277,0.1085,0.127,0.0978,0.1157,0.1268,0.1266,51.42853029,64.07994874,25.50855102,30,18.5142709,4.834281847,130.547264,0,0,0,100,0
1,0.553291,0.58429,0.605546,0.52101,0.739116,0.726364,0.2269,0.0782,0.1776,0.1129,0.229,0.0324,0.5823,0.1085,0.127,0.0978,0.1157,0.1268,0.1266,51.42853029,64.07994874,25.50855102,30,18.5142709,4.834281847,130.547264,0,0,0,100,0
1,0.259977,0.603455,0.580007,0.539876,0.612711,0.540618,0.2187,0.0388,0.0327,0.0843,0.1645,0.0,0.5712,0.1085,0.127,0.0978,0.1157,0.1268,0.1266,51.42853029,64.07994874,25.50855102,30,18.5142709,4.834281847,130.547264,0,0,0,100,0
1,0.363732,0.749806,0.585128,0.64615,0.543213,0.710885,0.6692,0.4304,0.2178,0.2047,0.0507,0.0166,0.486,0.1085,0.127,0.0978,0.1157,0.1268,0.1266,51.42853029,64.07994874,25.50855102,30,18.5142709,4.834281847,130.547264,0,0,0,100,0
1,0.423861,0.616381,0.574844,0.599747,0.570439,0.688872,0.5847,0.323,0.5705,0.1965,0.0961,0.0887,0.5153,0.1085,0.127,0.0978,0.1157,0.1268,0.1266,51.42853029,64.07994874,25.50855102,30,18.5142709,4.834281847,130.547264,0,0,0,100,0
1,0.582222,0.518592,0.59737,0.621777,0.6728,0.574811,0.4276,0.3331,0.626,0.2459,0.1728,0.3355,0.6162,0.1085,0.127,0.0978,0.1157,0.1268,0.1266,51.42853029,64.07994874,25.50855102,30,18.5142709,4.834281847,130.547264,0,0,0,100,0
1,0.294966,0.480969,0.541796,0.586661,0.634119,0.523426,0.1979,0.0377,0.3939,0.4861,0.2349,0.2592,0.4156,0.1085,0.127,0.0978,0.1157,0.1268,0.1266,51.42853029,64.07994874,25.50855102,30,18.5142709,4.834281847,130.547264,0,0,0,100,0
1,0.569951,0.763429,0.556599,0.531752,0.659482,0.590417,0.1979,0.0823,0.4168,0.0692,0.1738,0.1644,0.5894,0.1085,0.127,0.0978,0.1157,0.1268,0.1266,51.42853029,64.07994874,25.50855102,30,18.5142709,4.834281847,130.547264,0,0,0,100,0
1,0.390256,0.525997,0.533061,0.63459,0.780388,0.615157,0.2697,0.0899,0.2063,0.3222,0.0765,0.0158,0.5488,0.1085,0.127,0.0978,0.1157,0.1268,0.1266,51.42853029,64.07994874,25.50855102,30,18.5142709,4.834281847,130.547264,0,0,0,100,0
1,0.528858,0.78918,0.516882,0.562669,0.748071,0.633872,0.5428,0.1235,0.9317,0.7863,0.1854,0.0351,0.5983,0.1085,0.127,0.0978,0.1157,0.1268,0.1266,51.42853029,64.07994874,25.50855102,30,18.5142709,4.834281847,130.547264,0,0,0,100,0
1,0.472238,0.701767,0.546788,0.546801,0.586984,0.73017,0.2197,0.0484,0.9069,0.8844,0.2221,0.3242,0.6,0.1085,0.127,0.0978,0.1157,0.1268,0.1266,51.42853029,64.07994874,25.50855102,30,18.5142709,4.834281847,130.547264,0,0,0,100,0
1,0.491006,0.626245,0.570627,0.66469,0.765843,0.538017,0.4665,0.0171,0.8746,0.6122,0.2607,0.1716,0.3978,0.1085,0.127,0.0978,0.1157,0.1268,0.1266,51.42853029,64.07994874,25.50855102,30,18.5142709,4.834281847,130.547264,0,0,0,100,0
1,0.630552,0.566826,0.59126,0.610926,0.619983,0.715706,0.8185,0.2471,0.1057,0.5526,0.2926,0.3014,0.5965,0.1085,0.127,0.0978,0.1157,0.1268,0.1266,51.42853029,64.07994874,25.50855102,30,18.5142709,4.834281847,130.547264,0,0,0,100,0
1,0.618957,0.654372,0.52368,0.651112,0.599075,0.692044,0.1609,0.1342,0.1017,0.5526,0.3979,0.3783,0.5656,0.1085,0.127,0.0978,0.1157,0.1268,0.1266,51.42853029,64.07994874,25.50855102,30,18.5142709,4.834281847,130.547264,0,0,0,100,0
1,0.4535,0.552363,0.503994,0.579354,0.712299,0.560664,0.7832,0.1973,0.6273,0.3806,0.5416,0.484,0.455,0.1085,0.127,0.0978,0.1157,0.1268,0.1266,51.42853029,64.07994874,25.50855102,30,18.5142709,4.834281847,130.547264,0,0,0,100,0
1,0.510813,0.454122,0.60305,0.59893,0.731889,0.747045,0.182,0.1546,0.7188,0.4673,0.6151,0.482,0.5657,0.1085,0.127,0.0978,0.1157,0.1268,0.1266,51.42853029,64.07994874,25.50855102,30,18.5142709,4.834281847,130.547264,0,0,0,100,0
1,0.30291,0.636027,0.538096,0.684047,0.523259,0.589846,0.6913,0.1208,0.3371,0.8038,0.7645,0.8797,0.5753,0.1085,0.127,0.0978,0.1157,0.1268,0.1266,51.42853029,64.07994874,25.50855102,30,18.5142709,4.834281847,130.547264,0,0,0,100,0
1,0.340149,0.741202,0.563419,0.552799,0.685754,0.680435,0.6161,0.0793,0.2241,0.3828,0.5989,0.4339,0.5586,0.1085,0.127,0.0978,0.1157,0.1268,0.1266,51.42853029,64.07994874,25.50855102,30,18.5142709,4.834281847,130.547264,0,0,0,100,0
1,0.597357,0.499386,0.551822,0.566922,0.791661,0.504902,0.3692,0.2913,0.6553,0.5314,0.8481,0.2374,0.5773,0.1085,0.127,0.0978,0.1157,0.1268,0.1266,51.42853029,64.07994874,25.50855102,30,18.5142709,4.834281847,130.547264,0,0,0,100,0
1,0.644365,0.773048,0.62407,0.613543,0.655391,0.538651,0.4056,0.4788,0.2708,0.3051,0.793,0.5148,0.4272,0.1085,0.127,0.0978,0.1157,0.1268,0.1266,51.42853029,64.07994874,25.50855102,30,18.5142709,4.834281847,130.547264,0,0,0,100,0
1,0.609487,0.594164,0.616841,0.665289,0.629847,0.732708,0.8591,0.1765,0.2767,0.2559,0.4127,0.4126,0.581,0.1085,0.127,0.0978,0.1157,0.1268,0.1266,51.42853029,64.07994874,25.50855102,30,18.5142709,4.834281847,130.547264,0,0,0,100,0
1,0.27917,0.543523,0.610817,0.651767,0.769797,0.480288,0.6083,0.198,0.763,0.3352,0.2857,0.7703,0.3679,0.1085,0.127,0.0978,0.1157,0.1268,0.1266,51.42853029,64.07994874,25.50855102,30,18.5142709,4.834281847,130.547264,0,0,0,100,0
1,0.311359,0.732322,0.579211,0.678594,0.548894,0.708157,0.6925,0.6534,0.2784,0.368,0.0493,0.8855,0.3563,0.1085,0.127,0.0978,0.1157,0.1268,0.1266,51.42853029,64.07994874,25.50855102,30,18.5142709,4.834281847,130.547264,0,0,0,100,0
1,0.590026,0.660293,0.59098,0.63579,0.756571,0.639771,0.0649,0.6196,0.2284,0.3962,0.0493,0.7059,0.5066,0.1085,0.127,0.0978,0.1157,0.1268,0.1266,51.42853029,64.07994874,25.50855102,30,18.5142709,4.834281847,130.547264,0,0,0,100,0
1,0.402685,0.756966,0.569185,0.590805,0.585666,0.617187,0.0727,0.3433,0.6575,0.568,0.1358,0.8744,0.5699,0.1085,0.127,0.0978,0.1157,0.1268,0.1266,51.42853029,64.07994874,25.50855102,30,18.5142709,4.834281847,130.547264,0,0,0,100,0
1,0.54747,0.780842,0.63074,0.577228,0.61562,0.7237,0.2375,0.3448,0.7447,0.7322,0.3085,0.5916,0.5292,0.1085,0.127,0.0978,0.1157,0.1268,0.1266,51.42853029,64.07994874,25.50855102,30,18.5142709,4.834281847,130.547264,0,0,0,100,0
1,0.500178,0.803008,0.556878,0.566268,0.743707,0.571512,0.1566,0.1809,0.4708,0.1381,0.2724,0.2207,0.6095,0.1085,0.127,0.0978,0.1157,0.1268,0.1266,51.42853029,64.07994874,25.50855102,30,18.5142709,4.834281847,130.547264,0,0,0,100,0
1,0.604389,0.535667,0.639346,0.623031,0.670982,0.549753,0.2732,0.2166,0.2255,0.1145,0.2845,0.4127,0.6634,0.1085,0.127,0.0978,0.1157,0.1268,0.1266,51.42853029,64.07994874,25.50855102,30,18.5142709,4.834281847,130.547264,0,0,0,100,0
1,0.562258,0.710586,0.584654,0.602801,0.722571,0.697436,0.3626,0.3501,0.0518,0.0112,0.4377,0.445,0.5249,0.1085,0.127,0.0978,0.1157,0.1268,0.1266,51.42853029,64.07994874,25.50855102,30,18.5142709,4.834281847,130.547264,0,0,0,100,0
1,0.534506,0.528671,0.576285,0.692935,0.57153,0.735753,0.662,0.1772,0.0422,0.002,0.3688,0.2368,0.621,0.1085,0.127,0.0978,0.1157,0.1268,0.1266,51.42853029,64.07994874,25.50855102,30,18.5142709,4.834281847,130.547264,0,0,0,100,0
1,0.291221,0.648462,0.615916,0.680339,0.597393,0.722685,0.662,0.269,0.1752,0.0591,0.5484,0.226,0.4075,0.1085,0.127,0.0978,0.1157,0.1268,0.1266,51.42853029,64.07994874,25.50855102,30,18.5142709,4.834281847,130.547264,0,0,0,100,0
1,0.414264,0.79253,0.594594,0.582571,0.775479,0.595809,0.7274,0.2449,0.2504,0.0208,0.2648,0.1497,0.5163,0.1085,0.127,0.0978,0.1157,0.1268,0.1266,51.42853029,64.07994874,25.50855102,30,18.5142709,4.834281847,130.547264,0,0,0,100,0
1,0.226325,0.719518,0.624823,0.667252,0.691163,0.744888,0.7274,0.1059,0.7516,0.2011,0.044,0.6955,0.5625,0.1085,0.127,0.0978,0.1157,0.1268,0.1266,51.42853029,64.07994874,25.50855102,30,18.5142709,4.834281847,130.547264,0,0,0,100,0
1,0.328554,0.6096,0.608278,0.639007,0.586711,0.638249,0.1857,0.1685,0.8576,0.6432,0.0193,0.2022,0.4797,0.1085,0.127,0.0978,0.1157,0.1268,0.1266,51.42853029,64.07994874,25.50855102,30,18.5142709,4.834281847,130.547264,0,0,0,100,0
1,0.260606,0.46457,0.657204,0.652039,0.656664,0.507884,0.1134,0.5436,0.8657,0.6613,0.0193,0.5226,0.6245,0.1085,0.127,0.0978,0.1157,0.1268,0.1266,51.42853029,64.07994874,25.50855102,30,18.5142709,4.834281847,130.547264,0,0,0,100,0
1,0.61397,0.508943,0.60135,0.592877,0.744935,0.534338,0.1204,0.5049,0.8323,0.2658,0.1634,0.2652,0.625,0.1085,0.127,0.0978,0.1157,0.1268,0.1266,51.42853029,64.07994874,25.50855102,30,18.5142709,4.834281847,130.547264,0,0,0,100,0
1,0.480104,0.572695,0.642896,0.619214,0.624529,0.680689,0.0867,0.3916,0.6633,0.2734,0.1263,0.3005,0.6304,0.1085,0.127,0.0978,0.1157,0.1268,0.1266,51.42853029,64.07994874,25.50855102,30,18.5142709,4.834281847,130.547264,0,0,0,100,0
1,0.623111,0.770548,0.650964,0.703677,0.539213,0.712725,0.112,0.1341,0.3121,0.1882,0.0166,0.0525,0.6184,0.1085,0.127,0.0978,0.1157,0.1268,0.1266,51.42853029,64.07994874,25.50855102,30,18.5142709,4.834281847,130.547264,0,0,0,100,0
1,0.350705,0.52106,0.672264,0.685137,0.640074,0.72389,0.0276,0.0507,0.2755,0.2377,0.1235,0.1172,0.6054,0.1085,0.127,0.0978,0.1157,0.1268,0.1266,51.42853029,64.07994874,25.50855102,30,18.5142709,4.834281847,130.547264,0,0,0,100,0
1,0.576999,0.6644,0.66368,0.608908,0.727344,0.559015,0.1196,0.0686,0.5884,0.6175,0.05,0.4182,0.6928,0.1085,0.127,0.0978,0.1157,0.1268,0.1266,51.42853029,64.07994874,25.50855102,30,18.5142709,4.834281847,130.547264,0,0,0,100,0
1,0.438445,0.583204,0.646812,0.660218,0.761025,0.615919,0.1857,0.1059,0.7281,0.3381,0.0662,0.4187,0.7061,0.1085,0.127,0.0978,0.1157,0.1268,0.1266,51.42853029,64.07994874,25.50855102,30,18.5142709,4.834281847,130.547264,0,0,0,100,0
1,0.52137,0.472846,0.655375,0.741846,0.675164,0.580203,0.0512,0.5871,0.0856,0.2116,0.0288,0.0316,0.7037,0.1085,0.127,0.0978,0.1157,0.1268,0.1266,51.42853029,64.07994874,25.50855102,30,18.5142709,4.834281847,130.547264,0,0,0,100,0
1,0.632959,0.49998,0.633042,0.642442,0.605347,0.482953,0.082,0.4033,0.8285,0.7881,0.1673,0.0024,0.5575,0.1085,0.127,0.0978,0.1157,0.1268,0.1266,51.42853029,64.07994874,25.50855102,30,18.5142709,4.834281847,130.547264,0,0,0,100,0
1,0.304012,0.618573,0.709679,0.708257,0.570394,0.732771,0.068,0.0953,0.8924,0.9705,0.227,0.0028,0.4338,0.1085,0.127,0.0978,0.1157,0.1268,0.1266,51.42853029,64.07994874,25.50855102,30,18.5142709,4.834281847,130.547264,0,0,0,100,0
1,0.64394,0.5632,0.699632,0.725597,0.52385,0.705239,0.8076,0.1073,0.5418,0.971,0.0222,0.0248,0.6016,0.1085,0.127,0.0978,0.1157,0.1268,0.1266,51.42853029,64.07994874,25.50855102,30,18.5142709,4.834281847,130.547264,0,0,0,100,0
1,0.678788,0.76303,0.71835,0.690481,0.795479,0.645417,0.6947,0.0167,0.3624,0.9699,0.0844,0.12,0.4231,0.1085,0.127,0.0978,0.1157,0.1268,0.1266,51.42853029,64.07994874,25.50855102,30,18.5142709,4.834281847,130.547264,0,0,0,100,0
1,0.375138,0.488477,0.677385,0.627284,0.779434,0.741272,0.1894,0.1898,0.005,0.9528,0.313,0.226,0.6997,0.1085,0.127,0.0978,0.1157,0.1268,0.1266,51.42853029,64.07994874,25.50855102,30,18.5142709,4.834281847,130.547264,0,0,0,100,0
1,0.387346,0.602727,0.727042,0.672923,0.552031,0.75453,0.1739,0.3721,0.8898,0.9464,0.4445,0.1447,0.7026,0.1085,0.127,0.0978,0.1157,0.1268,0.1266,51.42853029,64.07994874,25.50855102,30,18.5142709,4.834281847,130.547264,0,0,0,100,0
1,0.660286,0.544045,0.685453,0.606727,0.709435,0.565295,0.0033,0.4222,0.0709,0.8133,0.2504,0.6846,0.7659,0.1085,0.127,0.0978,0.1157,0.1268,0.1266,51.42853029,64.07994874,25.50855102,30,18.5142709,4.834281847,130.547264,0,0,0,100,0
1,0.365211,0.786333,0.670479,0.660655,0.591711,0.512134,0.0156,0.4691,0.4535,0.2762,0.536,0.9521,0.7304,0.1085,0.127,0.0978,0.1157,0.1268,0.1266,51.42853029,64.07994874,25.50855102,30,18.5142709,4.834281847,130.547264,0,0,0,100,0
1,0.692947,0.777708,0.693995,0.759295,0.633165,0.589592,0.029,0.3766,0.8016,0.2774,0.0439,0.7472,0.5195,0.1085,0.127,0.0978,0.1157,0.1268,0.1266,51.42853029,64.07994874,25.50855102,30,18.5142709,4.834281847,130.547264,0,0,0,100,0
1,0.46047,0.528128,0.734766,0.743373,0.820205,0.625117,0.0004,0.7551,0.7998,0.0529,0.126,0.0873,0.7014,0.1085,0.127,0.0978,0.1157,0.1268,0.1266,51.42853029,64.07994874,25.50855102,30,18.5142709,4.834281847,130.547264,0,0,0,100,0
1,0.32094,0.727753,0.748686,0.649204,0.689163,0.776226,0.0,0.0201,0.1146,0.022,0.0245,0.1072,0.7319,0.1085,0.127,0.0978,0.1157,0.1268,0.1266,51.42853029,64.07994874,25.50855102,30,18.5142709,4.834281847,130.547264,0,0,0,100,0
1,0.737878,0.553817,0.740876,0.71022,0.744344,0.544678,0.0235,0.1893,0.4601,0.1091,0.2355,0.0444,0.8108,0.1085,0.127,0.0978,0.1157,0.1268,0.1266,51.42853029,64.07994874,25.50855102,30,18.5142709,4.834281847,130.547264,0,0,0,100,0
1,0.59215,0.537582,0.755959,0.725488,0.805251,0.724144,0.1389,0.3135,0.12,0.1626,0.2846,0.689,0.6537,0.1085,0.127,0.0978,0.1157,0.1268,0.1266,51.42853029,64.07994874,25.50855102,30,18.5142709,4.834281847,130.547264,0,0,0,100,0
1,0.707908,0.800888,0.71764,0.801499,0.598166,0.664766,0.1669,0.538,0.0822,0.1157,0.2747,0.2044,0.6949,0.1085,0.127,0.0978,0.1157,0.1268,0.1266,51.42853029,64.07994874,25.50855102,30,18.5142709,4.834281847,130.547264,0,0,0,100,0
1,0.542042,0.740444,0.728613,0.668397,0.788979,0.57018,0.1634,0.3078,0.0462,0.2948,0.5344,0.3921,0.7812,0.1085,0.127,0.0978,0.1157,0.1268,0.1266,51.42853029,64.07994874,25.50855102,30,18.5142709,4.834281847,130.547264,0,0,0,100,0
1,0.340023,0.676323,0.677837,0.683011,0.648664,0.739432,0.4083,0.1399,0.0019,0.9106,0.7123,0.1077,0.724,0.1085,0.127,0.0978,0.1157,0.1268,0.1266,51.42853029,64.07994874,25.50855102,30,18.5142709,4.834281847,130.547264,0,0,0,100,0
1,0.400608,0.629922,0.701009,0.787813,0.615893,0.761762,0.9069,0.1269,0.0,0.8635,0.793,0.0277,0.7092,0.1085,0.127,0.0978,0.1157,0.1268,0.1266,51.42853029,64.07994874,25.50855102,30,18.5142709,4.834281847,130.547264,0,0,0,100,0
1,0.671566,0.656104,0.708905,0.639062,0.666028,0.684939,0.4331,0.369,0.0049,0.6716,0.7222,0.1829,0.8082,0.1085,0.127,0.0978,0.1157,0.1268,0.1266,51.42853029,64.07994874,25.50855102,30,18.5142709,4.834281847,130.547264,0,0,0,100,0
1,0.607048,0.808591,0.664562,0.697297,0.835387,0.702702,0.7867,0.3248,0.0033,0.6409,0.1814,0.8912,0.8013,0.1085,0.127,0.0978,0.1157,0.1268,0.1266,51.42853029,64.07994874,25.50855102,30,18.5142709,4.834281847,130.547264,0,0,0,100,0
1,0.50935,0.794087,0.654816,0.769655,0.767434,0.826152,0.0884,0.3929,0.6234,0.6409,0.267,0.636,0.7942,0.1085,0.127,0.0978,0.1157,0.1268,0.1266,51.42853029,64.07994874,25.50855102,30,18.5142709,4.834281847,130.547264,0,0,0,100,0
1,0.649258,0.589903,0.771944,0.743863,0.678573,0.587879,0.4372,0.2451,0.8068,0.3156,0.8309,0.6477,0.49,0.1085,0.127,0.0978,0.1157,0.1268,0.1266,51.42853029,64.07994874,25.50855102,30,18.5142709,4.834281847,130.547264,0,0,0,100,0
1,0.566065,0.638117,0.686981,0.788194,0.723162,0.781428,0.0015,0.7017,0.5945,0.2603,0.1622,0.6742,0.5409,0.1085,0.127,0.0978,0.1157,0.1268,0.1266,51.42853029,64.07994874,25.50855102,30,18.5142709,4.834281847,130.547264,0,0,0,100,0
1,0.205433,0.817277,0.744728,0.711474,0.818296,0.80046,0.2956,0.7142,0.8928,0.2279,0.456,0.0073,0.5808,0.1085,0.127,0.0978,0.1157,0.1268,0.1266,51.42853029,64.07994874,25.50855102,30,18.5142709,4.834281847,130.547264,0,0,0,100,0
1,0.719786,0.750974,0.674136,0.775271,0.704663,0.604119,0.2028,0.7146,0.8916,0.1916,0.5833,0.0723,0.4599,0.1085,0.127,0.0978,0.1157,0.1268,0.1266,51.42853029,64.07994874,25.50855102,30,18.5142709,4.834281847,130.547264,0,0,0,100,0
1,0.246919,0.611014,0.760176,0.662618,0.852841,0.646559,0.5538,0.7146,0.7776,0.2392,0.5385,0.1598,0.6004,0.1085,0.127,0.0978,0.1157,0.1268,0.1266,51.42853029,64.07994874,25.50855102,30,18.5142709,4.834281847,130.547264,0,0,0,100,0
1,0.49077,0.825174,0.750967,0.652639,0.803251,0.501413,0.3252,0.1757,0.0567,0.1852,0.3451,0.3655,0.7719,0.1085,0.127,0.0978,0.1157,0.1268,0.1266,51.42853029,64.07994874,25.50855102,30,18.5142709,4.834281847,130.547264,0,0,0,100,0
1,0.275819,0.833399,0.73638,0.75924,0.630029,0.61852,0.2528,0.6063,0.4448,0.3731,0.0961,0.2173,0.7753,0.1085,0.127,0.0978,0.1157,0.1268,0.1266,51.42853029,64.07994874,25.50855102,30,18.5142709,4.834281847,130.547264,0,0,0,100,0
1,0.553605,0.684354,0.693328,0.725106,0.556349,0.564344,0.3065,0.0242,0.446,0.2999,0.5902,0.2129,0.8047,0.1085,0.127,0.0978,0.1157,0.1268,0.1266,51.42853029,64.07994874,25.50855102,30,18.5142709,4.834281847,130.547264,0,0,0,100,0
1,0.623048,0.843898,0.789845,0.691681,0.652528,0.728711,0.3202,0.1953,0.9168,0.1292,0.5917,0.5898,0.764,0.1085,0.127,0.0978,0.1157,0.1268,0.1266,51.42853029,64.07994874,25.50855102,30,18.5142709,4.834281847,130.547264,0,0,0,100,0
1,0.429383,0.562729,0.815491,0.674614,0.578757,0.757131,0.1847,0.1953,0.939,0.2232,0.0086,0.3972,0.6087,0.1085,0.127,0.0978,0.1157,0.1268,0.1266,51.42853029,64.07994874,25.50855102,30,18.5142709,4.834281847,130.547264,0,0,0,100,0
1,0.577943,0.647028,0.723987,0.820529,0.599847,0.740701,0.2207,0.2049,0.9441,0.5005,0.0584,0.7114,0.6331,0.1085,0.127,0.0978,0.1157,0.1268,0.1266,51.42853029,64.07994874,25.50855102,30,18.5142709,4.834281847,130.547264,0,0,0,100,0
1,0.636326,0.577888,0.799183,0.804389,0.754025,0.668001,0.4056,0.0808,0.9868,0.5192,0.1131,0.4041,0.8504,0.1085,0.127,0.0978,0.1157,0.1268,0.1266,51.42853029,64.07994874,25.50855102,30,18.5142709,4.834281847,130.547264,0,0,0,100,0
1,0.412911,0.511862,0.714714,0.702095,0.831932,0.529707,0.7114,0.7424,0.7509,0.5808,0.0054,0.0611,0.7487,0.1085,0.127,0.0978,0.1157,0.1268,0.1266,51.42853029,64.07994874,25.50855102,30,18.5142709,4.834281847,130.547264,0,0,0,100,0
1,0.35596,0.669337,0.703375,0.788631,0.682254,0.776163,0.6388,0.2943,0.98,0.9378,0.0241,0.0,0.4284,0.1085,0.127,0.0978,0.1157,0.1268,0.1266,51.42853029,64.07994874,25.50855102,30,18.5142709,4.834281847,130.547264,0,0,0,100,0
1,0.30988,0.696727,0.766264,0.772818,0.614938,0.633237,0.6867,0.1775,0.979,0.2026,0.0311,0.1703,0.4561,0.1085,0.127,0.0978,0.1157,0.1268,0.1266,51.42853029,64.07994874,25.50855102,30,18.5142709,4.834281847,130.547264,0,0,0,100,0
1,0.524186,0.623162,0.806089,0.741028,0.816523,0.75599,0.7832,0.1758,0.9434,0.7328,0.2636,0.3366,0.8684,0.1085,0.127,0.0978,0.1157,0.1268,0.1266,51.42853029,64.07994874,25.50855102,30,18.5142709,4.834281847,130.547264,0,0,0,100,0
1,0.478263,0.706079,0.730291,0.712347,0.781161,0.552735,0.6401,0.1669,0.9137,0.7044,0.2636,0.5797,0.8629,0.1085,0.127,0.0978,0.1157,0.1268,0.1266,51.42853029,64.07994874,25.50855102,30,18.5142709,4.834281847,130.547264,0,0,0,100,0
1,0.754743,0.598681,0.781992,0.722598,0.798251,0.58458,0.5401,0.1798,0.3979,0.2034,0.2399,0.8749,0.9,0.1085,0.127,0.0978,0.1157,0.1268,0.1266,51.42853029,64.07994874,25.50855102,30,18.5142709,4.834281847,130.547264,0,0,0,100,0
1,0.445744,0.71794,0.826335,0.797791,0.73998,0.721162,0.7752,0.0864,0.8609,0.1358,0.1312,0.3094,0.6568,0.1085,0.127,0.0978,0.1157,0.1268,0.1266,51.42853029,64.07994874,25.50855102,30,18.5142709,4.834281847,130.547264,0,0,0,100,0
1,0.741339,0.852892,0.755808,0.81982,0.846795,0.742794,0.1802,0.0844,0.476,0.1695,0.092,0.7297,0.614,0.1085,0.127,0.0978,0.1157,0.1268,0.1266,51.42853029,64.07994874,25.50855102,30,18.5142709,4.834281847,130.547264,0,0,0,100,0
1,0.685663,0.547753,0.788748,0.757223,0.701754,0.692171,0.0472,0.1743,0.1102,0.1597,0.3332,0.7275,0.5174,0.1085,0.127,0.0978,0.1157,0.1268,0.1266,51.42853029,64.07994874,25.50855102,30,18.5142709,4.834281847,130.547264,0,0,0,100,0
1,0.65983,0.868307,0.836985,0.693044,0.881158,0.675931,0.0759,0.0339,0.0802,0.238,0.0704,0.2789,0.7949,0.1085,0.127,0.0978,0.1157,0.1268,0.1266,51.42853029,64.07994874,25.50855102,30,18.5142709,4.834281847,130.547264,0,0,0,100,0
1,0.293188,0.570083,0.775602,0.840323,0.864749,0.798176,0.7526,0.5725,0.1539,0.2819,0.0836,0.1141,0.5687,0.1085,0.127,0.0978,0.1157,0.1268,0.1266,51.42853029,64.07994874,25.50855102,30,18.5142709,4.834281847,130.547264,0,0,0,100,0
1,0.771577,0.7744,0.741328,0.776798,0.632938,0.607672,0.4567,0.0794,0.1364,0.2908,0.1362,0.1661,0.8348,0.1085,0.127,0.0978,0.1157,0.1268,0.1266,51.42853029,64.07994874,25.50855102,30,18.5142709,4.834281847,130.547264,0,0,0,100,0
1,0.375122,0.827817,0.847527,0.809678,0.899521,0.826279,0.668,0.6929,0.8467,0.2948,0.1566,0.1637,0.7091,0.1085,0.127,0.0978,0.1157,0.1268,0.1266,51.42853029,64.07994874,25.50855102,30,18.5142709,4.834281847,130.547264,0,0,0,100,0
1,0.731035,0.836513,0.855983,0.707548,0.656437,0.763348,0.518,0.9516,0.8467,0.4254,0.05,0.4052,0.7091,0.1085,0.127,0.0978,0.1157,0.1268,0.1266,51.42853029,64.07994874,25.50855102,30,18.5142709,4.834281847,130.547264,0,0,0,100,0
1,0.389958,0.784468,0.797246,0.683011,0.720299,0.781365,0.3692,0.8165,0.7736,0.7175,0.1682,0.0902,0.8387,0.1085,0.127,0.0978,0.1157,0.1268,0.1266,51.42853029,64.07994874,25.50855102,30,18.5142709,4.834281847,130.547264,0,0,0,100,0
1,0.707515,0.660385,0.688293,0.748989,0.602347,0.651507,0.8947,0.7339,0.6578,0.5214,0.9688,0.5348,0.5393,0.1085,0.127,0.0978,0.1157,0.1268,0.1266,51.42853029,64.07994874,25.50855102,30,18.5142709,4.834281847,130.547264,0,0,0,100,0
1,0.795097,0.556388,0.707872,0.730995,0.825523,0.70949,0.7103,0.6705,0.9041,0.1444,0.5333,0.8282,0.4436,0.1085,0.127,0.0978,0.1157,0.1268,0.1266,51.42853029,64.07994874,25.50855102,30,18.5142709,4.834281847,130.547264,0,0,0,100,0
1,0.696974,0.803008,0.699911,0.78525,0.760889,0.511183,0.8115,0.8907,0.8886,0.6846,0.5345,0.6873,0.517,0.1085,0.127,0.0978,0.1157,0.1268,0.1266,51.42853029,64.07994874,25.50855102,30,18.5142709,4.834281847,130.547264,0,0,0,100,0
1,0.329372,0.812688,0.71523,0.797573,0.839659,0.627591,0.987,0.8907,0.8896,0.7841,0.734,0.8522,0.7659,0.1085,0.127,0.0978,0.1157,0.1268,0.1266,51.42853029,64.07994874,25.50855102,30,18.5142709,4.834281847,130.547264,0,0,0,100,0
1,0.782936,0.53074,0.749095,0.82849,0.618392,0.743048,0.3457,0.8929,0.5408,0.8891,0.8115,0.9822,0.7,0.1085,0.127,0.0978,0.1157,0.1268,0.1266,51.42853029,64.07994874,25.50855102,30,18.5142709,4.834281847,130.547264,0,0,0,100,0
1,0.606167,0.589248,0.806713,0.817857,0.789524,0.726998,0.8839,0.7864,0.5975,0.8666,0.9585,0.5788,0.5507,0.1085,0.127,0.0978,0.1157,0.1268,0.1266,51.42853029,64.07994874,25.50855102,30,18.5142709,4.834281847,130.547264,0,0,0,100,0
1,0.674099,0.821087,0.731926,0.698824,0.676482,0.574811,0.9401,0.76,0.2701,0.2111,0.8309,0.8351,0.7163,0.1085,0.127,0.0978,0.1157,0.1268,0.1266,51.42853029,64.07994874,25.50855102,30,18.5142709,4.834281847,130.547264,0,0,0,100,0
1,0.500351,0.859775,0.761746,0.766165,0.805842,0.555145,0.972,0.8844,0.8109,0.5164,0.6359,0.8238,0.7321,0.1085,0.127,0.0978,0.1157,0.1268,0.1266,51.42853029,64.07994874,25.50855102,30,18.5142709,4.834281847,130.547264,0,0,0,100,0
1,0.822518,0.636498,0.770933,0.807388,0.587348,0.690712,0.7487,0.8667,0.5479,0.5421,0.6636,0.6538,0.4618,0.1085,0.127,0.0978,0.1157,0.1268,0.1266,51.42853029,64.07994874,25.50855102,30,18.5142709,4.834281847,130.547264,0,0,0,100,0
1,0.588814,0.690233,0.79006,0.716054,0.854932,0.714374,0.8763,0.5789,0.2769,0.7766,0.8138,0.1723,0.4789,0.1085,0.127,0.0978,0.1157,0.1268,0.1266,51.42853029,64.07994874,25.50855102,30,18.5142709,4.834281847,130.547264,0,0,0,100,0
1,0.458755,0.729505,0.723191,0.748716,0.56253,0.53364,0.765,0.152,0.1108,0.932,0.3285,0.221,0.8598,0.1085,0.127,0.0978,0.1157,0.1268,0.1266,51.42853029,64.07994874,25.50855102,30,18.5142709,4.834281847,130.547264,0,0,0,100,0
1,0.347968,0.85028,0.814932,0.730559,0.637665,0.598219,0.7447,0.0985,0.7374,0.8892,0.9397,0.9569,0.7955,0.1085,0.127,0.0978,0.1157,0.1268,0.1266,51.42853029,64.07994874,25.50855102,30,18.5142709,4.834281847,130.547264,0,0,0,100,0
1,0.868582,0.842526,0.780981,0.848665,0.698663,0.732327,0.7447,0.162,0.822,0.3546,0.9389,0.975,0.8087,0.1085,0.127,0.0978,0.1157,0.1268,0.1266,51.42853029,64.07994874,25.50855102,30,18.5142709,4.834281847,130.547264,0,0,0,100,0
1,0.629435,0.615244,0.821924,0.798718,0.73598,0.665908,0.5125,0.254,0.1176,0.4836,0.8047,0.9661,0.5828,0.1085,0.127,0.0978,0.1157,0.1268,0.1266,51.42853029,64.07994874,25.50855102,30,18.5142709,4.834281847,130.547264,0,0,0,100,0
1,0.401615,0.498464,0.833349,0.833779,0.870977,0.638376,0.3613,0.1588,0.1746,0.2963,0.5498,0.9389,0.5548,0.1085,0.127,0.0978,0.1157,0.1268,0.1266,51.42853029,64.07994874,25.50855102,30,18.5142709,4.834281847,130.547264,0,0,0,100,0
1,0.718339,0.878489,0.87326,0.761585,0.886749,0.751232,0.785,0.5489,0.886,0.0659,0.7202,0.6948,0.9373,0.1085,0.127,0.0978,0.1157,0.1268,0.1266,51.42853029,64.07994874,25.50855102,30,18.5142709,4.834281847,130.547264,0,0,0,100,0
1,0.743715,0.867764,0.902542,0.816385,0.660709,0.771659,0.8339,0.4394,0.8267,0.1994,0.7229,0.8981,0.9377,0.1085,0.127,0.0978,0.1157,0.1268,0.1266,51.42853029,64.07994874,25.50855102,30,18.5142709,4.834281847,130.547264,0,0,0,100,0
1,0.442142,0.831596,0.842019,0.778761,0.719526,0.795131,0.4511,0.2738,0.6616,0.2663,0.5776,0.0217,0.8567,0.1085,0.127,0.0978,0.1157,0.1268,0.1266,51.42853029,64.07994874,25.50855102,30,18.5142709,4.834281847,130.547264,0,0,0,100,0
1,0.413635,0.719231,0.865256,0.862352,0.772843,0.610019,0.7427,0.2264,0.6616,0.2866,0.5603,0.0805,0.8567,0.1085,0.127,0.0978,0.1157,0.1268,0.1266,51.42853029,64.07994874,25.50855102,30,18.5142709,4.834281847,130.547264,0,0,0,100,0
1,0.566978,0.67704,0.856392,0.885798,0.817978,0.814416,0.6475,0.3283,0.6057,0.0871,0.6712,0.7588,0.6161,0.1085,0.127,0.0978,0.1157,0.1268,0.1266,51.42853029,64.07994874,25.50855102,30,18.5142709,4.834281847,130.547264,0,0,0,100,0
1,0.846117,0.891426,0.798731,0.746535,0.794979,0.715389,0.4386,0.1573,0.6956,0.3312,0.6712,0.6759,0.8925,0.1085,0.127,0.0978,0.1157,0.1268,0.1266,51.42853029,64.07994874,25.50855102,30,18.5142709,4.834281847,130.547264,0,0,0,100,0
1,0.811804,0.65216,0.742017,0.849483,0.908021,0.693249,0.4262,0.0362,0.9464,0.3798,0.6952,0.6617,0.5464,0.1085,0.127,0.0978,0.1157,0.1268,0.1266,51.42853029,64.07994874,25.50855102,30,18.5142709,4.834281847,130.547264,0,0,0,100,0
1,0.761949,0.579886,0.755206,0.872439,0.646528,0.581535,0.2932,0.0035,0.9141,0.1952,0.6577,0.7557,0.587,0.1085,0.127,0.0978,0.1157,0.1268,0.1266,51.42853029,64.07994874,25.50855102,30,18.5142709,4.834281847,130.547264,0,0,0,100,0
1,0.475699,0.752295,0.849851,0.725924,0.751525,0.737212,0.2992,0.004,0.7362,0.1514,0.4722,0.7202,0.8996,0.1085,0.127,0.0978,0.1157,0.1268,0.1266,51.42853029,64.07994874,25.50855102,30,18.5142709,4.834281847,130.547264,0,0,0,100,0
1,0.513126,0.794353,0.768868,0.790757,0.893658,0.753833,0.3127,0.0147,0.7076,0.1823,0.3314,0.8259,0.87,0.1085,0.127,0.0978,0.1157,0.1268,0.1266,51.42853029,64.07994874,25.50855102,30,18.5142709,4.834281847,130.547264,0,0,0,100,0
1,0.546321,0.900706,0.723363,0.768128,0.856977,0.55578,0.279,0.0126,0.7492,0.1405,0.299,0.5058,0.8946,0.1085,0.127,0.0978,0.1157,0.1268,0.1266,51.42853029,64.07994874,25.50855102,30,18.5142709,4.834281847,130.547264,0,0,0,100,0
1,0.649006,0.622906,0.778334,0.806516,0.624756,0.673584,0.1351,0.0103,0.9513,0.1986,0.2515,0.524,0.8958,0.1085,0.127,0.0978,0.1157,0.1268,0.1266,51.42853029,64.07994874,25.50855102,30,18.5142709,4.834281847,130.547264,0,0,0,100,0
1,0.42707,0.511831,0.788361,0.890706,0.838568,0.62461,0.1073,0.0158,0.9513,0.0083,0.0652,0.4258,0.8958,0.1085,0.127,0.0978,0.1157,0.1268,0.1266,51.42853029,64.07994874,25.50855102,30,18.5142709,4.834281847,130.547264,0,0,0,100,0
1,0.892669,0.608013,0.881285,0.82102,0.6853,0.648716,0.112,0.1715,0.1533,0.0107,0.2511,0.135,0.8516,0.1085,0.127,0.0978,0.1157,0.1268,0.1266,51.42853029,64.07994874,25.50855102,30,18.5142709,4.834281847,130.547264,0,0,0,100,0
1,0.61998,0.700118,0.80639,0.78236,0.875795,0.774323,0.1027,0.3432,0.0721,0.0264,0.1756,0.668,0.8856,0.1085,0.127,0.0978,0.1157,0.1268,0.1266,51.42853029,64.07994874,25.50855102,30,18.5142709,4.834281847,130.547264,0,0,0,100,0
1,0.528292,0.64246,0.861362,0.909845,0.734617,0.703717,0.264,0.3683,0.0465,0.1543,0.3661,0.3777,0.8353,0.1085,0.127,0.0978,0.1157,0.1268,0.1266,51.42853029,64.07994874,25.50855102,30,18.5142709,4.834281847,130.547264,0,0,0,100,0
1,0.879249,0.908675,0.816137,0.842776,0.584257,0.818032,0.4511,0.4304,0.2631,0.3261,0.0121,0.4334,0.9271,0.1085,0.127,0.0978,0.1157,0.1268,0.1266,51.42853029,64.07994874,25.50855102,30,18.5142709,4.834281847,130.547264,0,0,0,100,0
1,0.832414,0.708773,0.944862,0.929911,0.923112,0.727887,0.1894,0.7512,0.1671,0.4668,0.0083,0.2389,0.8611,0.1085,0.127,0.0978,0.1157,0.1268,0.1266,51.42853029,64.07994874,25.50855102,30,18.5142709,4.834281847,130.547264,0,0,0,100,0
1,0.909549,0.565679,0.888148,0.833288,0.702708,0.797985,0.2077,0.79,0.2028,0.8259,0.1338,0.0,0.8321,0.1085,0.127,0.0978,0.1157,0.1268,0.1266,51.42853029,64.07994874,25.50855102,30,18.5142709,4.834281847,130.547264,0,0,0,100,0
1,0.861833,0.920669,0.870635,0.9629,0.940066,0.843026,0.2077,0.668,0.1793,0.0139,0.151,0.1355,0.8593,0.1085,0.127,0.0978,0.1157,0.1268,0.1266,51.42853029,64.07994874,25.50855102,30,18.5142709,4.834281847,130.547264,0,0,0,100,0
1,0.788505,0.744746,0.828529,0.94676,0.815978,0.868782,0.1739,0.4731,0.1793,0.005,0.5683,0.0777,0.8593,0.1085,0.127,0.0978,0.1157,0.1268,0.1266,51.42853029,64.07994874,25.50855102,30,18.5142709,4.834281847,130.547264,0,0,0,100,0
1,0.489465,0.737648,0.796794,0.861534,0.953838,0.916297,0.4986,0.208,0.4251,0.8647,0.5362,0.3829,0.6859,0.1085,0.127,0.0978,0.1157,0.1268,0.1266,51.42853029,64.07994874,25.50855102,30,18.5142709,4.834281847,130.547264,0,0,0,100,0
1,0.365399,0.665548,0.956696,0.979531,0.969883,0.891556,0.4986,0.1029,0.8499,0.4196,0.4515,0.0001,0.9377,0.1085,0.127,0.0978,0.1157,0.1268,0.1266,51.42853029,64.07994874,25.50855102,30,18.5142709,4.834281847,130.547264,0,0,0,100,0
1,0.924857,0.964694,0.978254,0.843431,0.987292,0.935011,0.2766,0.0024,0.6165,0.6427,0.7976,0.1105,0.6626,0.1085,0.127,0.0978,0.1157,0.1268,0.1266,51.42853029,64.07994874,25.50855102,30,18.5142709,4.834281847,130.547264,0,0,0,100,0
1,0.773638,0.687017,0.968034,0.790375,0.765798,0.972757,0.3252,0.0024,0.7119,0.2863,0.4253,0.2744,0.9813,0.1085,0.127,0.0978,0.1157,0.1268,0.1266,51.42853029,64.07994874,25.50855102,30,18.5142709,4.834281847,130.547264,0,0,0,100,0
1,0.666154,0.935583,0.840686,0.825764,0.668164,0.750915,0.3893,0.0014,0.8534,0.6594,0.4212,0.2807,0.9753,0.1085,0.127,0.0978,0.1157,0.1268,0.1266,51.42853029,64.07994874,25.50855102,30,18.5142709,4.834281847,130.547264,0,0,0,100,0
1,0.799848,0.773304,0.851572,0.780179,0.692254,0.618012,0.329,0.0004,0.6306,0.7118,0.3006,0.7228,1.0,0.1085,0.127,0.0978,0.1157,0.1268,0.1266,51.42853029,64.07994874,25.50855102,30,18.5142709,4.834281847,130.547264,0,0,0,100,0
1,0.943988,0.99615,0.907921,0.88389,0.617347,0.816509,0.1484,0.0098,0.2871,0.6756,0.5827,0.7896,0.5635,0.1085,0.127,0.0978,0.1157,0.1268,0.1266,51.42853029,64.07994874,25.50855102,30,18.5142709,4.834281847,130.547264,0,0,0,100,0
1,0.704006,0.977774,0.925907,0.99409,0.71939,0.786313,0.2249,0.0098,0.704,0.7778,0.586,0.5709,0.6926,0.1085,0.127,0.0978,0.1157,0.1268,0.1266,51.42853029,64.07994874,25.50855102,30,18.5142709,4.834281847,130.547264,0,0,0,100,0
1,0.584205,0.950272,0.916914,0.834106,0.786797,0.724651,0.5428,0.1686,0.7318,0.4633,0.7132,0.6954,0.6318,0.1085,0.127,0.0978,0.1157,0.1268,0.1266,51.42853029,64.07994874,25.50855102,30,18.5142709,4.834281847,130.547264,0,0,0,100,0
1,0.981651,0.760869,0.861835,0.811805,0.873886,0.636726,0.4345,0.4641,0.7514,0.3549,0.4255,0.7889,0.6141,0.1085,0.127,0.0978,0.1157,0.1268,0.1266,51.42853029,64.07994874,25.50855102,30,18.5142709,4.834281847,130.547264,0,0,0,100,0
1,0.386402,0.631172,0.878531,0.800736,0.891203,0.657724,0.5401,0.2672,0.6529,0.3003,0.5622,0.6949,0.5041,0.1085,0.127,0.0978,0.1157,0.1268,0.1266,51.42853029,64.07994874,25.50855102,30,18.5142709,4.834281847,130.547264,0,0,0,100,0
1,0.605978,0.594881,0.896862,0.901939,0.844341,0.7034,0.4483,0.3235,0.0657,0.0966,0.6822,0.7017,0.5137,0.1085,0.127,0.0978,0.1157,0.1268,0.1266,51.42853029,64.07994874,25.50855102,30,18.5142709,4.834281847,130.547264,0,0,0,100,0
1,0.730924,0.550304,0.932749,0.8539,0.743207,0.764998,0.2354,0.4316,0.5368,0.1696,0.6541,0.6934,0.5937,0.1085,0.127,0.0978,0.1157,0.1268,0.1266,51.42853029,64.07994874,25.50855102,30,18.5142709,4.834281847,130.547264,0,0,0,100,0
1,0.684939,0.45949,0.942754,0.871131,0.64421,0.682909,0.1436,0.4652,0.0697,0.0721,0.5715,0.7313,0.8689,0.1085,0.127,0.0978,0.1157,0.1268,0.1266,51.42853029,64.07994874,25.50855102,30,18.5142709,4.834281847,130.547264,0,0,0,100,0
1,0.459447,0.484595,0.950564,0.920641,0.82666,0.742604,0.0927,0.5881,0.03,0.1503,0.6563,0.0156,0.6523,0.1085,0.127,0.0978,0.1157,0.1268,0.1266,51.42853029,64.07994874,25.50855102,30,18.5142709,4.834281847,130.547264,0,0,0,100,0
1,0.751675,0.53159,0.995423,0.954558,0.808433,0.590543,0.1027,0.0672,0.0389,0.1874,0.1513,0.006,0.7807,0.1085,0.127,0.0978,0.1157,0.1268,0.1266,51.42853029,64.07994874,25.50855102,30,18.5142709,4.834281847,130.547264,0,0,0,100,0
